state,href
Restaurantes en Ciudad de México,/Restaurants-g150800-Mexico_City_Central_Mexico_and_Gulf_Coast.html
Restaurantes en Guadalajara,/Restaurants-g150798-Guadalajara_Guadalajara_Metropolitan_Area.html
Restaurantes en Cancún,/Restaurants-g150807-Cancun_Yucatan_Peninsula.html
Restaurantes en Playa del Carmen,/Restaurants-g150812-Playa_del_Carmen_Yucatan_Peninsula.html
Restaurantes en Monterrey,/Restaurants-g150782-Monterrey_Northern_Mexico.html
Restaurantes en Puerto Vallarta,/Restaurants-g150793-Puerto_Vallarta.html
Restaurantes en Santiago de Querétaro,/Restaurants-g479232-Queretaro_City_Central_Mexico_and_Gulf_Coast.html
Restaurantes en Mérida,/Restaurants-g150811-Merida_Yucatan_Peninsula.html
Restaurantes en Puebla,/Restaurants-g152773-Puebla_Central_Mexico_and_Gulf_Coast.html
Restaurantes en Zapopan,/Restaurants-g1006488-Zapopan_Guadalajara_Metropolitan_Area.html
Restaurantes en Tijuana,/Restaurants-g150776-Tijuana_Baja_California.html
Restaurantes en Tulum,/Restaurants-g150813-Tulum_Yucatan_Peninsula.html
Restaurantes en Oaxaca,/Restaurants-g150801-Oaxaca_Southern_Mexico.html
Restaurantes en Cabo San Lucas,/Restaurants-g152515-Cabo_San_Lucas_Los_Cabos_Baja_California.html
Restaurantes en León,/Restaurants-g154240-Leon_Central_Mexico_and_Gulf_Coast.html
Restaurantes en San Luis Potosí,/Restaurants-g153477-San_Luis_Potosi_Central_Mexico_and_Gulf_Coast.html
Restaurantes en San Miguel de Allende,/Restaurants-g151932-San_Miguel_de_Allende_Central_Mexico_and_Gulf_Coast.html
Restaurantes en Municipio de Ensenada,/Restaurants-g10767851-Ensenada_Municipality_Baja_California.html
Restaurantes en Mazatlán,/Restaurants-g150792-Mazatlan_Pacific_Coast.html
Restaurantes en Morelia,/Restaurants-g152771-Morelia_Central_Mexico_and_Gulf_Coast.html
"Restaurantes en San Cristóbal de las Casas
- Chiapas ",/Restaurants-g150802-San_Cristobal_de_las_Casas_Southern_Mexico.html
"Restaurantes en Aguascalientes
- Aguascalientes ",/Restaurants-g153976-Aguascalientes_Central_Mexico_and_Gulf_Coast.html
"Restaurantes en Cozumel
- Quintana Roo ",/Restaurants-g150809-Cozumel_Yucatan_Peninsula.html
"Restaurantes en San José Del Cabo
- Los Cabos ",/Restaurants-g152516-San_Jose_del_Cabo_Los_Cabos_Baja_California.html
"Restaurantes en Acapulco
- Guerrero ",/Restaurants-g150787-Acapulco_Pacific_Coast.html
"Restaurantes en Cuernavaca
- Morelos ",/Restaurants-g150797-Cuernavaca_Central_Mexico_and_Gulf_Coast.html
"Restaurantes en La Paz
- Baja California Sur ",/Restaurants-g150771-La_Paz_Baja_California.html
"Restaurantes en Zihuatanejo de Azueta
- Guerrero ",/Restaurants-g15131654-Zihuatanejo_de_Azueta_Pacific_Coast.html
"Restaurantes en Chihuahua
- Chihuahua ",/Restaurants-g1028202-Chihuahua_Northern_Mexico.html
"Restaurantes en Hermosillo
- Sonora ",/Restaurants-g153979-Hermosillo_Northern_Mexico.html
"Restaurantes en Guanajuato
- Guanajuato ",/Restaurants-g150799-Guanajuato_Central_Mexico_and_Gulf_Coast.html
"Restaurantes en Tuxtla Gutiérrez
- Chiapas ",/Restaurants-g317142-Tuxtla_Gutierrez_Southern_Mexico.html
"Restaurantes en Mexicali
- Baja California Norte ",/Restaurants-g154247-Mexicali_Baja_California.html
"Restaurantes en Villahermosa
- Tabasco ",/Restaurants-g249850-Villahermosa_Central_Mexico_and_Gulf_Coast.html
"Restaurantes en Ciudad Juárez
- Chihuahua ",/Restaurants-g150780-Ciudad_Juarez_Northern_Mexico.html
"Restaurantes en Xalapa
- Veracruz ",/Restaurants-g154235-Xalapa_Central_Mexico_and_Gulf_Coast.html
"Restaurantes en Culiacán
- Sinaloa ",/Restaurants-g150781-Culiacan_Pacific_Coast.html
"Restaurantes en Saltillo
- Coahuila ",/Restaurants-g150785-Saltillo_Northern_Mexico.html
"Restaurantes en Veracruz
- Veracruz ",/Restaurants-g150804-Veracruz_Central_Mexico_and_Gulf_Coast.html
"Restaurantes en Puerto Escondido
- Oaxaca ",/Restaurants-g153373-Puerto_Escondido_Southern_Mexico.html
"Restaurantes en Toluca
- Estado de México ",/Restaurants-g644384-Toluca_Central_Mexico_and_Gulf_Coast.html
"Restaurantes en Metepec
- Estado de México ",/Restaurants-g1065261-Metepec_Central_Mexico_and_Gulf_Coast.html
"Restaurantes en Isla Mujeres
- Quintana Roo ",/Restaurants-g150810-Isla_Mujeres_Yucatan_Peninsula.html
"Restaurantes en Huatulco
- Oaxaca ",/Restaurants-g150789-Huatulco_Southern_Mexico.html
"Restaurantes en Naucalpan de Juárez
- Estado de México ",/Restaurants-g499418-Naucalpan_Central_Mexico_and_Gulf_Coast.html
"Restaurantes en Torreón
- Coahuila ",/Restaurants-g499442-Torreon_Northern_Mexico.html
"Restaurantes en Manzanillo
- Colima ",/Restaurants-g150791-Manzanillo_Pacific_Coast.html
"Restaurantes en Pachuca
- Hidalgo ",/Restaurants-g317137-Pachuca_Central_Mexico_and_Gulf_Coast.html
"Restaurantes en Colima
- Colima ",/Restaurants-g153983-Colima_Pacific_Coast.html
"Restaurantes en Puerto Morelos
- Riviera Maya ",/Restaurants-g240327-Puerto_Morelos_Yucatan_Peninsula.html
"Restaurantes en Zacatecas
- Zacatecas ",/Restaurants-g152772-Zacatecas_Central_Mexico_and_Gulf_Coast.html
"Restaurantes en Campeche
- Campeche ",/Restaurants-g1632078-Campeche_Yucatan_Peninsula.html
"Restaurantes en Valladolid
- Yucatán ",/Restaurants-g499453-Valladolid_Yucatan_Peninsula.html
"Restaurantes en Boca del Río
- Veracruz ",/Restaurants-g154245-Boca_del_Rio_Central_Mexico_and_Gulf_Coast.html
"Restaurantes en Tampico
- Tamaulipas ",/Restaurants-g151928-Tampico_Northern_Mexico.html
"Restaurantes en Durango
- Durango ",/Restaurants-g153978-Durango_Northern_Mexico.html
"Restaurantes en Tepic
- Nayarit ",/Restaurants-g499444-Tepic_Pacific_Coast.html
"Restaurantes en Puerto Peñasco
- Sonora ",/Restaurants-g153981-Puerto_Penasco_Northern_Mexico.html
"Restaurantes en Nuevo Vallarta
- Riviera Nayarit ",/Restaurants-g154267-Nuevo_Vallarta_Pacific_Coast.html
"Restaurantes en Chetumal
- Quintana Roo ",/Restaurants-g317139-Chetumal_Yucatan_Peninsula.html
"Restaurantes en Sayulita
- Riviera Nayarit ",/Restaurants-g445056-Sayulita_Pacific_Coast.html
"Restaurantes en Valle de Bravo
- Estado de México ",/Restaurants-g499427-Valle_de_Bravo_Central_Mexico_and_Gulf_Coast.html
"Restaurantes en Irapuato
- Guanajuato ",/Restaurants-g858499-Irapuato_Central_Mexico_and_Gulf_Coast.html
"Restaurantes en Bucerías
- Riviera Nayarit ",/Restaurants-g657267-Bucerias_Pacific_Coast.html
"Restaurantes en Bacalar
- Quintana Roo ",/Restaurants-g1202648-Bacalar_Yucatan_Peninsula.html
"Restaurantes en Ajijic
- Jalisco ",/Restaurants-g499405-Ajijic.html
"Restaurantes en Rosarito
- Baja California Norte ",/Restaurants-g150774-Rosarito_Baja_California.html
"Restaurantes en Celaya
- Guanajuato ",/Restaurants-g777802-Celaya_Central_Mexico_and_Gulf_Coast.html
"Restaurantes en Orizaba
- Veracruz ",/Restaurants-g1082256-Orizaba_Central_Mexico_and_Gulf_Coast.html
"Restaurantes en San Andrés Cholula
- Puebla ",/Restaurants-g11804695-San_Andres_Cholula_Central_Mexico_and_Gulf_Coast.html
"Restaurantes en San Pedro Cholula
- Puebla ",/Restaurants-g609126-San_Pedro_Cholula_Central_Mexico_and_Gulf_Coast.html
"Restaurantes en Isla Holbox
- Quintana Roo ",/Restaurants-g616319-Holbox_Island_Yucatan_Peninsula.html
"Restaurantes en Los Mochis
- Sinaloa ",/Restaurants-g319820-Los_Mochis_Pacific_Coast.html
"Restaurantes en Tlalnepantla
- Estado de México ",/Restaurants-g850697-Tlalnepantla_Central_Mexico_and_Gulf_Coast.html
"Restaurantes en Tequisquiapan
- Querétaro ",/Restaurants-g1101793-Tequisquiapan_Central_Mexico_and_Gulf_Coast.html
"Restaurantes en Tlaquepaque
- Zona Metropolitana de Guadalajara ",/Restaurants-g659617-Tlaquepaque_Guadalajara_Metropolitan_Area.html
"Restaurantes en Ciudad del Carmen
- Campeche ",/Restaurants-g317140-Ciudad_del_Carmen_Yucatan_Peninsula.html
"Restaurantes en Tlaxcala
- Tlaxcala ",/Restaurants-g499425-Tlaxcala_Central_Mexico_and_Gulf_Coast.html
"Restaurantes en San Juan del Río
- Querétaro ",/Restaurants-g317138-San_Juan_del_Rio_Central_Mexico_and_Gulf_Coast.html
"Restaurantes en San Miguel de Cozumel
- Cozumel ",/Restaurants-g13882869-San_Miguel_de_Cozumel_Cozumel_Yucatan_Peninsula.html
