,city,href
0,Ciudad de México,/Restaurants-g150800-Mexico_City_Central_Mexico_and_Gulf_Coast.html
1,Guadalajara,/Restaurants-g150798-Guadalajara_Guadalajara_Metropolitan_Area.html
2,Cancún,/Restaurants-g150807-Cancun_Yucatan_Peninsula.html
3,Playa del Carmen,/Restaurants-g150812-Playa_del_Carmen_Yucatan_Peninsula.html
4,Monterrey,/Restaurants-g150782-Monterrey_Northern_Mexico.html
5,Puerto Vallarta,/Restaurants-g150793-Puerto_Vallarta.html
6,Santiago de Querétaro,/Restaurants-g479232-Queretaro_City_Central_Mexico_and_Gulf_Coast.html
7,Mérida,/Restaurants-g150811-Merida_Yucatan_Peninsula.html
8,Puebla,/Restaurants-g152773-Puebla_Central_Mexico_and_Gulf_Coast.html
9,Zapopan,/Restaurants-g1006488-Zapopan_Guadalajara_Metropolitan_Area.html
10,Tijuana,/Restaurants-g150776-Tijuana_Baja_California.html
11,Tulum,/Restaurants-g150813-Tulum_Yucatan_Peninsula.html
12,Oaxaca,/Restaurants-g150801-Oaxaca_Southern_Mexico.html
13,Cabo San Lucas,/Restaurants-g152515-Cabo_San_Lucas_Los_Cabos_Baja_California.html
14,León,/Restaurants-g154240-Leon_Central_Mexico_and_Gulf_Coast.html
15,San Luis Potosí,/Restaurants-g153477-San_Luis_Potosi_Central_Mexico_and_Gulf_Coast.html
16,San Miguel de Allende,/Restaurants-g151932-San_Miguel_de_Allende_Central_Mexico_and_Gulf_Coast.html
17,Municipio de Ensenada,/Restaurants-g10767851-Ensenada_Municipality_Baja_California.html
18,Mazatlán,/Restaurants-g150792-Mazatlan_Pacific_Coast.html
19,Morelia,/Restaurants-g152771-Morelia_Central_Mexico_and_Gulf_Coast.html
20,San Cristóbal de las Casas,/Restaurants-g150802-San_Cristobal_de_las_Casas_Southern_Mexico.html
21,Aguascalientes,/Restaurants-g153976-Aguascalientes_Central_Mexico_and_Gulf_Coast.html
22,Cozumel,/Restaurants-g150809-Cozumel_Yucatan_Peninsula.html
23,San José Del Cabo,/Restaurants-g152516-San_Jose_del_Cabo_Los_Cabos_Baja_California.html
24,Acapulco,/Restaurants-g150787-Acapulco_Pacific_Coast.html
25,Cuernavaca,/Restaurants-g150797-Cuernavaca_Central_Mexico_and_Gulf_Coast.html
26,La Paz,/Restaurants-g150771-La_Paz_Baja_California.html
27,Zihuatanejo de Azueta,/Restaurants-g15131654-Zihuatanejo_de_Azueta_Pacific_Coast.html
28,Chihuahua,/Restaurants-g1028202-Chihuahua_Northern_Mexico.html
29,Hermosillo,/Restaurants-g153979-Hermosillo_Northern_Mexico.html
30,Guanajuato,/Restaurants-g150799-Guanajuato_Central_Mexico_and_Gulf_Coast.html
31,Tuxtla Gutiérrez,/Restaurants-g317142-Tuxtla_Gutierrez_Southern_Mexico.html
32,Mexicali,/Restaurants-g154247-Mexicali_Baja_California.html
33,Villahermosa,/Restaurants-g249850-Villahermosa_Central_Mexico_and_Gulf_Coast.html
34,Ciudad Juárez,/Restaurants-g150780-Ciudad_Juarez_Northern_Mexico.html
35,Xalapa,/Restaurants-g154235-Xalapa_Central_Mexico_and_Gulf_Coast.html
36,Culiacán,/Restaurants-g150781-Culiacan_Pacific_Coast.html
37,Saltillo,/Restaurants-g150785-Saltillo_Northern_Mexico.html
38,Veracruz,/Restaurants-g150804-Veracruz_Central_Mexico_and_Gulf_Coast.html
39,Puerto Escondido,/Restaurants-g153373-Puerto_Escondido_Southern_Mexico.html
40,Toluca,/Restaurants-g644384-Toluca_Central_Mexico_and_Gulf_Coast.html
41,Metepec,/Restaurants-g1065261-Metepec_Central_Mexico_and_Gulf_Coast.html
42,Isla Mujeres,/Restaurants-g150810-Isla_Mujeres_Yucatan_Peninsula.html
43,Huatulco,/Restaurants-g150789-Huatulco_Southern_Mexico.html
44,Naucalpan de Juárez,/Restaurants-g499418-Naucalpan_Central_Mexico_and_Gulf_Coast.html
45,Torreón,/Restaurants-g499442-Torreon_Northern_Mexico.html
46,Manzanillo,/Restaurants-g150791-Manzanillo_Pacific_Coast.html
47,Pachuca,/Restaurants-g317137-Pachuca_Central_Mexico_and_Gulf_Coast.html
48,Colima,/Restaurants-g153983-Colima_Pacific_Coast.html
49,Puerto Morelos,/Restaurants-g240327-Puerto_Morelos_Yucatan_Peninsula.html
50,Zacatecas,/Restaurants-g152772-Zacatecas_Central_Mexico_and_Gulf_Coast.html
51,Campeche,/Restaurants-g1632078-Campeche_Yucatan_Peninsula.html
52,Valladolid,/Restaurants-g499453-Valladolid_Yucatan_Peninsula.html
53,Boca del Río,/Restaurants-g154245-Boca_del_Rio_Central_Mexico_and_Gulf_Coast.html
54,Tampico,/Restaurants-g151928-Tampico_Northern_Mexico.html
55,Durango,/Restaurants-g153978-Durango_Northern_Mexico.html
56,Tepic,/Restaurants-g499444-Tepic_Pacific_Coast.html
57,Puerto Peñasco,/Restaurants-g153981-Puerto_Penasco_Northern_Mexico.html
58,Nuevo Vallarta,/Restaurants-g154267-Nuevo_Vallarta_Pacific_Coast.html
59,Chetumal,/Restaurants-g317139-Chetumal_Yucatan_Peninsula.html
60,Sayulita,/Restaurants-g445056-Sayulita_Pacific_Coast.html
61,Valle de Bravo,/Restaurants-g499427-Valle_de_Bravo_Central_Mexico_and_Gulf_Coast.html
62,Irapuato,/Restaurants-g858499-Irapuato_Central_Mexico_and_Gulf_Coast.html
63,Bucerías,/Restaurants-g657267-Bucerias_Pacific_Coast.html
64,Bacalar,/Restaurants-g1202648-Bacalar_Yucatan_Peninsula.html
65,Ajijic,/Restaurants-g499405-Ajijic.html
66,osarito,/Restaurants-g150774-Rosarito_Baja_California.html
67,Celaya,/Restaurants-g777802-Celaya_Central_Mexico_and_Gulf_Coast.html
68,Orizaba,/Restaurants-g1082256-Orizaba_Central_Mexico_and_Gulf_Coast.html
69,San Andrés Cholula,/Restaurants-g11804695-San_Andres_Cholula_Central_Mexico_and_Gulf_Coast.html
70,San Pedro Cholula,/Restaurants-g609126-San_Pedro_Cholula_Central_Mexico_and_Gulf_Coast.html
71,Isla Holbox,/Restaurants-g616319-Holbox_Island_Yucatan_Peninsula.html
72,Los Mochis,/Restaurants-g319820-Los_Mochis_Pacific_Coast.html
73,Tlalnepantla,/Restaurants-g850697-Tlalnepantla_Central_Mexico_and_Gulf_Coast.html
74,Tequisquiapan,/Restaurants-g1101793-Tequisquiapan_Central_Mexico_and_Gulf_Coast.html
75,Tlaquepaque,/Restaurants-g659617-Tlaquepaque_Guadalajara_Metropolitan_Area.html
76,Ciudad del Carmen,/Restaurants-g317140-Ciudad_del_Carmen_Yucatan_Peninsula.html
77,Tlaxcala,/Restaurants-g499425-Tlaxcala_Central_Mexico_and_Gulf_Coast.html
78,San Juan del Río,/Restaurants-g317138-San_Juan_del_Rio_Central_Mexico_and_Gulf_Coast.html
79,San Miguel de Cozumel,/Restaurants-g13882869-San_Miguel_de_Cozumel_Cozumel_Yucatan_Peninsula.html
80,Comitán,/Restaurants-g1732578-Comitan_Southern_Mexico.html
81,Todos Santos,/Restaurants-g150777-Todos_Santos_Baja_California.html
82,Tepoztlán,/Restaurants-g616313-Tepoztlan_Central_Mexico_and_Gulf_Coast.html
83,Ciudad Guzmán,/Restaurants-g2151449-Ciudad_Guzman.html
84,Tapachula,/Restaurants-g317141-Tapachula_Southern_Mexico.html
85,Atizapán de Zaragoza,/Restaurants-g4187137-Atizapan_de_Zaragoza_Central_Mexico_and_Gulf_Coast.html
86,Loreto,/Restaurants-g150772-Loreto_Baja_California.html
87,San Nicolás de los Garza,/Restaurants-g2333987-San_Nicolas_de_los_Garza_Northern_Mexico.html
88,Ciudad Obregón,/Restaurants-g499433-Ciudad_Obregon_Northern_Mexico.html
89,Córdoba,/Restaurants-g660265-Cordoba_Central_Mexico_and_Gulf_Coast.html
90,ynosa,/Restaurants-g499440-Reynosa_Northern_Mexico.html
91,Progreso,/Restaurants-g668864-Progreso_Yucatan_Peninsula.html
92,Tlajomulco de Zúñiga,/Restaurants-g4278022-Tlajomulco_de_Zuniga_Guadalajara_Metropolitan_Area.html
93,Valle de Guadalupe,/Restaurants-g499403-Valle_de_Guadalupe_Ensenada_Municipality_Baja_California.html
94,Coatzacoalcos,/Restaurants-g499410-Coatzacoalcos_Central_Mexico_and_Gulf_Coast.html
95,Ciudad Valles,/Restaurants-g499409-Ciudad_Valles_Central_Mexico_and_Gulf_Coast.html
96,Palenque,/Restaurants-g249851-Palenque_Southern_Mexico.html
97,Mahahual,/Restaurants-g499450-Mahahual_Costa_Maya_Yucatan_Peninsula.html
98,Guadalupe,/Restaurants-g3343018-Guadalupe_Northern_Mexico.html
99,Taxco,/Restaurants-g150803-Taxco_Pacific_Coast.html
100,Huixquilucan,/Restaurants-g3176878-Huixquilucan_Central_Mexico_and_Gulf_Coast.html
101,Salamanca,/Restaurants-g777805-Salamanca_Central_Mexico_and_Gulf_Coast.html
102,Chapala,/Restaurants-g2371486-Chapala.html
103,Cuatitlán Izcalli,/Restaurants-g3178971-Cuautitlan_Izcalli_Central_Mexico_and_Gulf_Coast.html
104,Apodaca,/Restaurants-g1136270-Apodaca_Northern_Mexico.html
105,Pátzcuaro,/Restaurants-g499420-Patzcuaro_Central_Mexico_and_Gulf_Coast.html
106,Uruapan,/Restaurants-g658423-Uruapan_Central_Mexico_and_Gulf_Coast.html
107,Matamoros,/Restaurants-g499436-Matamoros_Northern_Mexico.html
108,Punta de Mita,/Restaurants-g499443-Punta_de_Mita_Pacific_Coast.html
109,Texcoco,/Restaurants-g2640759-Texcoco_Central_Mexico_and_Gulf_Coast.html
110,Cuautla,/Restaurants-g777811-Cuautla_Central_Mexico_and_Gulf_Coast.html
111,Tecate,/Restaurants-g499402-Tecate_Baja_California.html
112,Puerto Aventuras,/Restaurants-g153510-Puerto_Aventuras_Yucatan_Peninsula.html
113,Tepatitlán de Morelos,/Restaurants-g2048993-Tepatitlan_de_Morelos.html
114,Coatepec,/Restaurants-g667449-Coatepec_Central_Mexico_and_Gulf_Coast.html
115,Atlixco,/Restaurants-g1941253-Atlixco_Central_Mexico_and_Gulf_Coast.html
116,Cuauhtémoc,/Restaurants-g1656804-Cuauhtemoc_Northern_Mexico.html
117,Dolores Hidalgo,/Restaurants-g499412-Dolores_Hidalgo_Central_Mexico_and_Gulf_Coast.html
118,Mazunte,/Restaurants-g658264-Mazunte_Southern_Mexico.html
119,Tulancingo,/Restaurants-g2044808-Tulancingo_Central_Mexico_and_Gulf_Coast.html
120,Nuevo Laredo,/Restaurants-g150784-Nuevo_Laredo_Northern_Mexico.html
121,Nogales,/Restaurants-g150783-Nogales_Northern_Mexico.html
122,La Cruz de Huanacaxtle,/Restaurants-g1026781-La_Cruz_de_Huanacaxtle_Pacific_Coast.html
123,San Pancho,/Restaurants-g552077-San_Francisco_Pacific_Coast.html
124,Lagos de Moreno,/Restaurants-g499415-Lagos_de_Moreno.html
125,Ciudad Victoria,/Restaurants-g499434-Ciudad_Victoria_Northern_Mexico.html
126,Ciudad Madero,/Restaurants-g3733916-Ciudad_Madero_Northern_Mexico.html
127,San Juan Teotihuacán,/Restaurants-g499421-San_Juan_Teotihuacan_Central_Mexico_and_Gulf_Coast.html
128,Piedras Negras,/Restaurants-g499439-Piedras_Negras_Northern_Mexico.html
129,Tequila,/Restaurants-g775272-Tequila.html
130,Zacatlán,/Restaurants-g2440580-Zacatlan_Central_Mexico_and_Gulf_Coast.html
131,San Carlos,/Restaurants-g151933-San_Carlos_Northern_Mexico.html
132,Ixtapan de la Sal,/Restaurants-g317136-Ixtapan_de_la_Sal_Central_Mexico_and_Gulf_Coast.html
133,Zamora de Hidalgo,/Restaurants-g1728850-Zamora_de_Hidalgo_Central_Mexico_and_Gulf_Coast.html
134,Santiago,/Restaurants-g1205795-Santiago_Northern_Mexico.html
135,Monclova,/Restaurants-g499437-Monclova_Northern_Mexico.html
136,Tehuacán,/Restaurants-g1065260-Tehuacan_Central_Mexico_and_Gulf_Coast.html
137,Arandas,/Restaurants-g1888686-Arandas.html
138,Ciudad Nezahualcóyotl,/Restaurants-g1074309-Ciudad_Nezahualcoyotl_Central_Mexico_and_Gulf_Coast.html
139,Malinalco,/Restaurants-g1727977-Malinalco_Central_Mexico_and_Gulf_Coast.html
140,Zipolite,/Restaurants-g1515813-Zipolite_Southern_Mexico.html
141,Poza Rica,/Restaurants-g1202655-Poza_Rica_Central_Mexico_and_Gulf_Coast.html
142,San Luis Río Colorado,/Restaurants-g1753703-San_Luis_Rio_Colorado_Northern_Mexico.html
143,Tepotzotlán,/Restaurants-g1918646-Tepotzotlan_Central_Mexico_and_Gulf_Coast.html
144,Municipio de Tuxpan,/Restaurants-g14977316-Tuxpan_Municipality_Central_Mexico_and_Gulf_Coast.html
145,Apizaco,/Restaurants-g3181075-Apizaco_Central_Mexico_and_Gulf_Coast.html
146,Guaymas,/Restaurants-g151934-Guaymas_Northern_Mexico.html
147,incón de Guayabitos,/Restaurants-g552078-Rincon_de_Guayabitos_Pacific_Coast.html
148,Holbox,/Restaurants-g15327568-Holbox_Holbox_Island_Yucatan_Peninsula.html
149,Tula de Allende,/Restaurants-g644393-Tula_de_Allende_Central_Mexico_and_Gulf_Coast.html
150,Ecatepec,/Restaurants-g3178980-Ecatepec_Central_Mexico_and_Gulf_Coast.html
151,Heroica Caborca,/Restaurants-g1150269-Heroica_Caborca_Northern_Mexico.html
152,San Felipe,/Restaurants-g150775-San_Felipe_Baja_California.html
153,Tonalá,/Restaurants-g499426-Tonala_Guadalajara_Metropolitan_Area.html
154,Mazamitla,/Restaurants-g666387-Mazamitla.html
155,Los Barriles,/Restaurants-g1544261-Los_Barriles_Baja_California.html
156,Minatitlán,/Restaurants-g1065258-Minatitlan_Central_Mexico_and_Gulf_Coast.html
157,Melaque,/Restaurants-g1015430-Melaque_Costalegre.html
158,Akumal,/Restaurants-g499445-Akumal_Yucatan_Peninsula.html
159,Tapalpa,/Restaurants-g670009-Tapalpa.html
160,Escobedo,/Restaurants-g3194228-Escobedo_Northern_Mexico.html
161,Barra de Navidad,/Restaurants-g153292-Barra_de_Navidad_Costalegre.html
162,Silao,/Restaurants-g858493-Silao_Central_Mexico_and_Gulf_Coast.html
163,Iguala,/Restaurants-g652399-Iguala_Pacific_Coast.html
164,Guadalupe,/Restaurants-g8521595-Guadalupe_Central_Mexico_and_Gulf_Coast.html
165,Parras de la Fuente,/Restaurants-g499438-Parras_de_la_Fuente_Northern_Mexico.html
166,Chilpancingo de los Bravo,/Restaurants-g735431-Chilpancingo_de_los_Bravo_Pacific_Coast.html
167,Playas de Rosarito,/Restaurants-g14941161-Playas_de_Rosarito_Baja_California.html
168,Comala,/Restaurants-g1744419-Comala_Pacific_Coast.html
169,San Juan de los Lagos,/Restaurants-g2312118-San_Juan_de_Los_Lagos.html
170,Coacalco,/Restaurants-g7262249-Coacalco_Central_Mexico_and_Gulf_Coast.html
171,El Pescadero,/Restaurants-g1636027-El_Pescadero_Baja_California.html
172,Mineral del Monte,/Restaurants-g1745444-Mineral_del_Monte_Central_Mexico_and_Gulf_Coast.html
173,Bernal,/Restaurants-g1535336-Bernal_Central_Mexico_and_Gulf_Coast.html
174,Municipio de Lázaro Cárdenas,/Restaurants-g14976653-Lazaro_Cardenas_Municipality_Central_Mexico_and_Gulf_Coast.html
175,Ciudad Satélite,/Restaurants-g11807337-Ciudad_Satelite_Central_Mexico_and_Gulf_Coast.html
176,Ocotlán,/Restaurants-g1602409-Ocotlan.html
177,Corregidora,/Restaurants-g14001649-Corregidora_Central_Mexico_and_Gulf_Coast.html
178,Salina Cruz,/Restaurants-g3176955-Salina_Cruz_Southern_Mexico.html
179,Guerrero Negro,/Restaurants-g499400-Guerrero_Negro_Baja_California.html
180,Zapotlanejo,/Restaurants-g1673162-Zapotlanejo.html
181,Navojoa,/Restaurants-g1675339-Navojoa_Northern_Mexico.html
182,Ocoyoacac,/Restaurants-g2167709-Ocoyoacac_Central_Mexico_and_Gulf_Coast.html
183,Xilitla,/Restaurants-g635968-Xilitla_Central_Mexico_and_Gulf_Coast.html
184,Huamantla,/Restaurants-g499413-Huamantla_Central_Mexico_and_Gulf_Coast.html
185,Paraíso,/Restaurants-g1836971-Paraiso_Central_Mexico_and_Gulf_Coast.html
186,Villa de Álvarez,/Restaurants-g3160464-Villa_de_Alvarez_Pacific_Coast.html
187,Tizimín,/Restaurants-g1632775-Tizimin_Yucatan_Peninsula.html
188,Chiapa de Corzo,/Restaurants-g499408-Chiapa_de_Corzo_Southern_Mexico.html
189,La Peñita de Jaltemba,/Restaurants-g644395-La_Penita_de_Jaltemba_Pacific_Coast.html
190,Calvillo,/Restaurants-g2205583-Calvillo_Central_Mexico_and_Gulf_Coast.html
191,Municipio de Hermosillo,/Restaurants-g14977095-Hermosillo_Municipality_Northern_Mexico.html
192,Cuetzalán del Progreso,/Restaurants-g1065259-Cuetzalan_del_Progreso_Central_Mexico_and_Gulf_Coast.html
193,Delicias,/Restaurants-g1137948-Delicias_Northern_Mexico.html
194,La Piedad,/Restaurants-g499414-La_Piedad_Central_Mexico_and_Gulf_Coast.html
195,Tecolutla,/Restaurants-g1202653-Tecolutla_Central_Mexico_and_Gulf_Coast.html
196,Nuevo Casas Grandes,/Restaurants-g1137950-Nuevo_Casas_Grandes_Northern_Mexico.html
197,Santa Catarina,/Restaurants-g3194248-Santa_Catarina_Northern_Mexico.html
198,Brisas de Zicatela,/Restaurants-g7683993-Brisas_de_Zicatela_Southern_Mexico.html
199,Costa Mujeres,/Restaurants-g23328775-Costa_Mujeres_Yucatan_Peninsula.html
200,Hidalgo del Parral,/Restaurants-g659933-Hidalgo_del_Parral_Northern_Mexico.html
201,Ocosingo,/Restaurants-g1651237-Ocosingo_Southern_Mexico.html
202,Troncones,/Restaurants-g445057-Troncones_Pacific_Coast.html
203,Zitácuaro,/Restaurants-g499428-Zitacuaro_Central_Mexico_and_Gulf_Coast.html
204,Ciudad Acuña,/Restaurants-g499432-Ciudad_Acuna_Northern_Mexico.html
205,Amealco de Bonfil,/Restaurants-g616314-Amealco_de_Bonfil_Central_Mexico_and_Gulf_Coast.html
206,Yelapa,/Restaurants-g504234-Yelapa_Costalegre.html
207,Valle de Santiago,/Restaurants-g1048632-Valle_de_Santiago_Central_Mexico_and_Gulf_Coast.html
208,Jocotepec,/Restaurants-g667915-Jocotepec.html
209,Solidaridad,/Restaurants-g12900715-Solidaridad_Yucatan_Peninsula.html
210,Fresnillo,/Restaurants-g3181080-Fresnillo_Central_Mexico_and_Gulf_Coast.html
211,Amecameca,/Restaurants-g670639-Amecameca_Central_Mexico_and_Gulf_Coast.html
212,Salvatierra,/Restaurants-g1961269-Salvatierra_Central_Mexico_and_Gulf_Coast.html
213,Cholula,/Restaurants-g10796331-Cholula_Central_Mexico_and_Gulf_Coast.html
214,Chelem,/Restaurants-g1205929-Chelem_Yucatan_Peninsula.html
215,Izamal,/Restaurants-g616322-Izamal_Yucatan_Peninsula.html
216,San Sebastián del Oeste,/Restaurants-g2080701-San_Sebastian_del_Oeste.html
217,San Antonio Tlayacapan,/Restaurants-g7008636-San_Antonio_Tlayacapan.html
218,Papantla,/Restaurants-g1202651-Papantla_Central_Mexico_and_Gulf_Coast.html
219,Cabo Corrientes,/Restaurants-g4004460-Cabo_Corrientes.html
220,La Manzanilla,/Restaurants-g793333-La_Manzanilla_Costalegre.html
221,San Blas,/Restaurants-g150794-San_Blas_Pacific_Coast.html
222,Lerma,/Restaurants-g3799417-Lerma_Central_Mexico_and_Gulf_Coast.html
223,Mulegé,/Restaurants-g153974-Mulege_Baja_California.html
224,Alvarado,/Restaurants-g1729203-Alvarado_Central_Mexico_and_Gulf_Coast.html
225,Ciudad Constitución,/Restaurants-g1967113-Ciudad_Constitucion_Baja_California.html
226,Gómez Palacio,/Restaurants-g1137945-Gomez_Palacio_Northern_Mexico.html
227,Champotón,/Restaurants-g1026030-Champoton_Yucatan_Peninsula.html
228,Xochitepec,/Restaurants-g1193255-Xochitepec_Central_Mexico_and_Gulf_Coast.html
229,Chignahuapan,/Restaurants-g2561388-Chignahuapan_Central_Mexico_and_Gulf_Coast.html
230,Huasca de Ocampo,/Restaurants-g2227707-Huasca_de_Ocampo_Central_Mexico_and_Gulf_Coast.html
231,Huauchinango,/Restaurants-g3180204-Huauchinango_Central_Mexico_and_Gulf_Coast.html
232,Ixmiquilpan,/Restaurants-g1820429-Ixmiquilpan_Central_Mexico_and_Gulf_Coast.html
233,Tlayacapan,/Restaurants-g1570829-Tlayacapan_Central_Mexico_and_Gulf_Coast.html
234,Jerez de García Salinas,/Restaurants-g1927331-Jerez_de_Garcia_Salinas_Central_Mexico_and_Gulf_Coast.html
235,Tecomán,/Restaurants-g1728847-Tecoman_Pacific_Coast.html
236,Tenancingo,/Restaurants-g2095545-Tenancingo_Central_Mexico_and_Gulf_Coast.html
237,El Oro,/Restaurants-g3178983-El_Oro_Central_Mexico_and_Gulf_Coast.html
238,Catemaco,/Restaurants-g1729201-Catemaco_Central_Mexico_and_Gulf_Coast.html
239,San Andrés Tuxtla,/Restaurants-g1729205-San_Andres_Tuxtla_Central_Mexico_and_Gulf_Coast.html
240,Creel,/Restaurants-g1027238-Creel_Copper_Canyon_Northern_Mexico.html
241,Cobá,/Restaurants-g499447-Coba_Yucatan_Peninsula.html
242,Chalco,/Restaurants-g3178946-Chalco_Central_Mexico_and_Gulf_Coast.html
243,Xpujil Town,/Restaurants-g635715-Xpujil_Town_Yucatan_Peninsula.html
244,San José Iturbide,/Restaurants-g3179424-San_Jose_Iturbide_Central_Mexico_and_Gulf_Coast.html
245,San Francisco del Rincón,/Restaurants-g1551540-San_Francisco_del_Rincon_Central_Mexico_and_Gulf_Coast.html
246,Huajuapan de León,/Restaurants-g1787128-Huajuapan_de_Leon_Southern_Mexico.html
247,Montemorelos,/Restaurants-g3194242-Montemorelos_Northern_Mexico.html
248,Matehuala,/Restaurants-g499417-Matehuala_Central_Mexico_and_Gulf_Coast.html
249,Guasave,/Restaurants-g1576931-Guasave_Pacific_Coast.html
250,Teocaltiche,/Restaurants-g3160449-Teocaltiche.html
251,ío Verde,/Restaurants-g3181066-Rio_Verde_Central_Mexico_and_Gulf_Coast.html
252,San Miguel Zinacantepec,/Restaurants-g1987398-San_Miguel_Zinacantepec_Central_Mexico_and_Gulf_Coast.html
253,Santa Rosalía,/Restaurants-g609125-Santa_Rosalia_Baja_California.html
254,San Patricio,/Restaurants-g1725334-San_Patricio.html
255,Tizayuca,/Restaurants-g3179505-Tizayuca_Central_Mexico_and_Gulf_Coast.html
256,Mascota,/Restaurants-g1928238-Mascota.html
257,Municipio de Toluca,/Restaurants-g14972068-Toluca_Municipality_Central_Mexico_and_Gulf_Coast.html
258,Celestún,/Restaurants-g664925-Celestun_Yucatan_Peninsula.html
259,Autlán de Navarro,/Restaurants-g1785157-Autlan_de_Navarro.html
260,Teziutlán,/Restaurants-g3180224-Teziutlan_Central_Mexico_and_Gulf_Coast.html
261,Ciudad Hidalgo,/Restaurants-g3160048-Ciudad_Hidalgo_Central_Mexico_and_Gulf_Coast.html
262,Escárcega,/Restaurants-g1632727-Escarcega_Yucatan_Peninsula.html
263,Jiutepec,/Restaurants-g2550249-Jiutepec_Central_Mexico_and_Gulf_Coast.html
264,Lo de Marcos,/Restaurants-g2367946-Lo_de_Marcos_Pacific_Coast.html
265,Acámbaro,/Restaurants-g3179059-Acambaro_Central_Mexico_and_Gulf_Coast.html
266,Puerto Nuevo,/Restaurants-g580456-Puerto_Nuevo_Baja_California.html
267,Xico,/Restaurants-g1915759-Xico_Central_Mexico_and_Gulf_Coast.html
268,San Agustinillo,/Restaurants-g674764-San_Agustinillo_Southern_Mexico.html
269,Ezequiel Montes,/Restaurants-g1961265-Ezequiel_Montes_Central_Mexico_and_Gulf_Coast.html
270,mos Arizpe,/Restaurants-g3194117-Ramos_Arizpe_Northern_Mexico.html
271,Yautepec,/Restaurants-g3180110-Yautepec_Central_Mexico_and_Gulf_Coast.html
272,El Cuyo,/Restaurants-g1873752-El_Cuyo_Yucatan_Peninsula.html
273,La Ventana,/Restaurants-g1976497-La_Ventana_Baja_California.html
274,San Pedro Pochutla,/Restaurants-g3176954-Pochutla_Southern_Mexico.html
275,Municipio de Bahía de Banderas,/Restaurants-g14958911-Bahia_de_Banderas_Municipality_Pacific_Coast.html
276,Felipe Carrillo Puerto,/Restaurants-g2048778-Felipe_Carrillo_Puerto_Yucatan_Peninsula.html
277,San Juan Bautista Tuxtepec,/Restaurants-g1602462-San_Juan_Bautista_Tuxtepec_Southern_Mexico.html
278,Huichapan,/Restaurants-g3179464-Huichapan_Central_Mexico_and_Gulf_Coast.html
279,Huatabampo,/Restaurants-g3194260-Huatabampo_Northern_Mexico.html
280,Temixco,/Restaurants-g777808-Temixco_Central_Mexico_and_Gulf_Coast.html
281,Cuatro Ciénegas,/Restaurants-g1207940-Cuatro_Cienegas_Northern_Mexico.html
282,Mismaloya,/Restaurants-g1015495-Mismaloya.html
283,Jalpan de Serra,/Restaurants-g1597259-Jalpan_de_Serra_Central_Mexico_and_Gulf_Coast.html
284,San Juan Cosalá,/Restaurants-g2658233-San_Juan_Cosala.html
285,San Pablo Villa de Mitla,/Restaurants-g1026024-San_Pablo_Villa_de_Mitla_Southern_Mexico.html
286,El Pueblito,/Restaurants-g3737872-El_Pueblito_Central_Mexico_and_Gulf_Coast.html
287,Mineral de Pozos,/Restaurants-g1026478-Mineral_de_Pozos_Central_Mexico_and_Gulf_Coast.html
288,San Martín Texmelucan de Labastida,/Restaurants-g2509199-San_Martin_Texmelucan_de_Labastida_Central_Mexico_and_Gulf_Coast.html
289,Sisal,/Restaurants-g2550231-Sisal_Yucatan_Peninsula.html
290,Tepeji del Río,/Restaurants-g3176899-Tepeji_del_Rio_Central_Mexico_and_Gulf_Coast.html
291,Comalcalco,/Restaurants-g1028695-Comalcalco_Central_Mexico_and_Gulf_Coast.html
292,Pisté,/Restaurants-g1221517-Piste_Yucatan_Peninsula.html
293,Moroleón,/Restaurants-g1961267-Moroleon_Central_Mexico_and_Gulf_Coast.html
294,ío Lagartos,/Restaurants-g1168987-Rio_Lagartos_Yucatan_Peninsula.html
295,Oaxtepec,/Restaurants-g499419-Oaxtepec_Central_Mexico_and_Gulf_Coast.html
296,Juchitán de Zaragoza,/Restaurants-g12517856-Juchitan_de_Zaragoza_Southern_Mexico.html
297,Ciudad Cuauhtémoc,/Restaurants-g3191759-Ciudad_Cuauhtemoc_Central_Mexico_and_Gulf_Coast.html
298,Municipio de Metepec,/Restaurants-g14972055-Metepec_Municipality_Central_Mexico_and_Gulf_Coast.html
299,Los Algodones/Vicente Guerrero,/Restaurants-g642246-Los_Algodones_Baja_California.html
300,l de Catorce,/Restaurants-g775417-Real_de_Catorce_Central_Mexico_and_Gulf_Coast.html
301,Magdalena de Kino,/Restaurants-g1137943-Magdalena_de_Kino_Northern_Mexico.html
302,Mineral del Chico,/Restaurants-g673320-Mineral_del_Chico_Central_Mexico_and_Gulf_Coast.html
303,Tecámac,/Restaurants-g6163985-Tecamac_Central_Mexico_and_Gulf_Coast.html
304,Sahuayo de Morelos,/Restaurants-g1801866-Sahuayo_Central_Mexico_and_Gulf_Coast.html
305,Álamos,/Restaurants-g499429-Alamos_Northern_Mexico.html
306,Telchac Puerto,/Restaurants-g499451-Telchac_Puerto_Yucatan_Peninsula.html
307,San Martín de las Pirámides,/Restaurants-g3172174-San_Martin_de_las_Piramides_Central_Mexico_and_Gulf_Coast.html
308,Cananea,/Restaurants-g1746936-Cananea_Northern_Mexico.html
309,Mezcales,/Restaurants-g12517629-Mezcales_Pacific_Coast.html
310,Ixtapaluca,/Restaurants-g1974362-Ixtapaluca_Central_Mexico_and_Gulf_Coast.html
311,El Sargento,/Restaurants-g7377440-El_Sargento_Baja_California.html
312,Topolobampo,/Restaurants-g3150829-Topolobampo_Pacific_Coast.html
313,Fortín de las Flores,/Restaurants-g3191767-Fortin_de_las_Flores_Central_Mexico_and_Gulf_Coast.html
314,Ciudad Sahagún,/Restaurants-g3179460-Ciudad_Sahagun_Central_Mexico_and_Gulf_Coast.html
315,Municipio de San Pedro Tlaquepaque,/Restaurants-g14972000-San_Pedro_Tlaquepaque_Municipality.html
316,Acayucan,/Restaurants-g775315-Acayucan_Central_Mexico_and_Gulf_Coast.html
317,Tres Marías,/Restaurants-g777814-Tres_Marias_Central_Mexico_and_Gulf_Coast.html
318,Municipio de Puebla,/Restaurants-g14976990-Puebla_Municipality_Central_Mexico_and_Gulf_Coast.html
319,Chacala,/Restaurants-g659310-Chacala_Pacific_Coast.html
320,El Fuerte,/Restaurants-g1755072-El_Fuerte_Pacific_Coast.html
321,Ensenada Blanca,/Restaurants-g3226098-Ensenada_Blanca_Baja_California.html
322,Tultitlán,/Restaurants-g3179028-Tultitlan_Central_Mexico_and_Gulf_Coast.html
323,Municipio de Guanajuato,/Restaurants-g14971744-Guanajuato_Municipality_Central_Mexico_and_Gulf_Coast.html
324,Tierra Blanca,/Restaurants-g3194025-Tierra_Blanca_Central_Mexico_and_Gulf_Coast.html
325,Cadereyta de Montes,/Restaurants-g1961266-Cadereyta_de_Montes_Central_Mexico_and_Gulf_Coast.html
326,Villa de García,/Restaurants-g3194253-Villa_de_Garcia_Northern_Mexico.html
327,La Ribera,/Restaurants-g3671641-La_Ribera_Los_Cabos_Baja_California.html
328,Tequesquitengo,/Restaurants-g499424-Tequesquitengo_Central_Mexico_and_Gulf_Coast.html
329,Municipio de Natívitas,/Restaurants-g11622274-Nativitas_Municipality_Central_Mexico_and_Gulf_Coast.html
330,Colón,/Restaurants-g7092296-Colon_Central_Mexico_and_Gulf_Coast.html
331,Agua Prieta,/Restaurants-g678041-Agua_Prieta_Northern_Mexico.html
332,Huejutla de Reyes,/Restaurants-g5492980-Huejutla_de_Reyes_Central_Mexico_and_Gulf_Coast.html
333,Aculco,/Restaurants-g2529588-Aculco_Central_Mexico_and_Gulf_Coast.html
334,El Salto,/Restaurants-g7739752-El_Salto_Guadalajara_Metropolitan_Area.html
335,Atotonilco El Alto,/Restaurants-g3160387-Atotonilco_El_Alto.html
336,Jilotepec,/Restaurants-g3178986-Jilotepec_Central_Mexico_and_Gulf_Coast.html
337,Villa del Carbón,/Restaurants-g3179040-Villa_del_Carbon_Central_Mexico_and_Gulf_Coast.html
338,Tenango del Valle,/Restaurants-g3179015-Tenango_del_Valle_Central_Mexico_and_Gulf_Coast.html
339,Playa Cerritos,/Restaurants-g13152865-Playa_Cerritos_Baja_California.html
340,Boca de Tomatlán,/Restaurants-g664429-Boca_de_Tomatlan.html
341,Chipilo,/Restaurants-g3411245-Chipilo_Central_Mexico_and_Gulf_Coast.html
342,Chichén Itzá,/Restaurants-g150808-Chichen_Itza_Yucatan_Peninsula.html
343,Sayula,/Restaurants-g644394-Sayula.html
344,Nuevo Progreso,/Restaurants-g814413-Nuevo_Progreso_Northern_Mexico.html
345,Juchitán,/Restaurants-g1637928-Juchitan_Southern_Mexico.html
346,Tepeaca,/Restaurants-g3180221-Tepeaca_Central_Mexico_and_Gulf_Coast.html
347,Ojinaga,/Restaurants-g3174142-Ojinaga_Northern_Mexico.html
348,Las Jarretaderas,/Restaurants-g15640411-Jarretaderas_Pacific_Coast.html
349,Ticul,/Restaurants-g1007739-Ticul_Yucatan_Peninsula.html
350,Los Reyes,/Restaurants-g3151949-Los_Reyes_Central_Mexico_and_Gulf_Coast.html
351,Atlacomulco,/Restaurants-g2529587-Atlacomulco_Central_Mexico_and_Gulf_Coast.html
352,Etzatlán,/Restaurants-g3160401-Etzatlan.html
353,Chicxulub,/Restaurants-g2550245-Chicxulub_Municipality_Yucatan_Peninsula.html
354,Puerto Juárez,/Restaurants-g240328-Puerto_Juarez_Yucatan_Peninsula.html
355,Tlalpujahua,/Restaurants-g2048747-Tlalpujahua_Central_Mexico_and_Gulf_Coast.html
356,Municipio de León,/Restaurants-g14971749-Leon_Municipality_Central_Mexico_and_Gulf_Coast.html
357,Santa María del Tule,/Restaurants-g7158692-Santa_Maria_del_Tule_Southern_Mexico.html
358,Martínez de la Torre,/Restaurants-g3191778-Martinez_de_la_Torre_Central_Mexico_and_Gulf_Coast.html
359,Higuera Blanca,/Restaurants-g3834933-Higuera_Blanca_Pacific_Coast.html
360,Cihuatlán,/Restaurants-g660508-Cihuatlan_Costalegre.html
361,Allende,/Restaurants-g4074741-Allende_Northern_Mexico.html
362,Huejotzingo,/Restaurants-g644392-Huejotzingo_Central_Mexico_and_Gulf_Coast.html
363,Jojutla,/Restaurants-g3180071-Jojutla_Central_Mexico_and_Gulf_Coast.html
364,Motul,/Restaurants-g2705028-Motul_Yucatan_Peninsula.html
365,Los Gavilanes,/Restaurants-g13944379-Los_Gavilanes.html
366,Municipio de Cuautlancingo,/Restaurants-g14976894-Cuautlancingo_Municipality_Central_Mexico_and_Gulf_Coast.html
367,Tlatlauquitepec,/Restaurants-g3180642-Tlatlauquitepec_Central_Mexico_and_Gulf_Coast.html
368,Mineral de la Reforma,/Restaurants-g12916756-Mineral_de_la_Reforma_Central_Mexico_and_Gulf_Coast.html
369,Temozón,/Restaurants-g1675602-Temozon_Yucatan_Peninsula.html
370,Cocula,/Restaurants-g3160391-Cocula.html
371,Tamasopo,/Restaurants-g3181068-Tamasopo_Central_Mexico_and_Gulf_Coast.html
372,Cárdenas,/Restaurants-g3181181-Cardenas_Central_Mexico_and_Gulf_Coast.html
373,Pénjamo,/Restaurants-g3179420-Penjamo_Central_Mexico_and_Gulf_Coast.html
374,Tecozautla,/Restaurants-g3179497-Tecozautla_Central_Mexico_and_Gulf_Coast.html
375,Progreso,/Restaurants-g3179478-Progreso_Central_Mexico_and_Gulf_Coast.html
376,Guamuchil,/Restaurants-g1176592-Guamuchil_Pacific_Coast.html
377,Ameca,/Restaurants-g2489436-Ameca.html
378,Altamira,/Restaurants-g3194033-Altamira_Northern_Mexico.html
379,Actopan,/Restaurants-g2184341-Actopan_Central_Mexico_and_Gulf_Coast.html
380,Tonalá,/Restaurants-g3181820-Tonala_Southern_Mexico.html
381,Santa María del Oro,/Restaurants-g3151078-Santa_Maria_del_Oro_Pacific_Coast.html
382,Huixtla,/Restaurants-g3181789-Huixtla_Southern_Mexico.html
383,Villaflores,/Restaurants-g3181836-Villaflores_Southern_Mexico.html
384,Zinapécuaro,/Restaurants-g3151394-Zinapecuaro_Central_Mexico_and_Gulf_Coast.html
385,Uxmal,/Restaurants-g499452-Uxmal_Yucatan_Peninsula.html
386,Tuxpan,/Restaurants-g3151637-Tuxpan_Central_Mexico_and_Gulf_Coast.html
387,Teotitlán del Valle,/Restaurants-g1060717-Teotitlan_del_Valle_Southern_Mexico.html
388,Muna,/Restaurants-g616323-Muna_Yucatan_Peninsula.html
389,Municipio de Emiliano Zapata,/Restaurants-g14976799-Emiliano_Zapata_Municipality_Central_Mexico_and_Gulf_Coast.html
390,Maravatío,/Restaurants-g3151936-Maravatio_Central_Mexico_and_Gulf_Coast.html
391,Tlaxiaco,/Restaurants-g1024141-Tlaxiaco_Southern_Mexico.html
392,Oxkutzcab,/Restaurants-g667796-Oxkutzcab_Yucatan_Peninsula.html
393,Calderitas,/Restaurants-g12916834-Calderitas_Yucatan_Peninsula.html
394,Cabo Pulmo,/Restaurants-g735523-Cabo_Pulmo_Los_Cabos_Baja_California.html
395,Pluma Hidalgo,/Restaurants-g670010-Pluma_Hidalgo_Southern_Mexico.html
396,San Miguel El Alto,/Restaurants-g3160444-San_Miguel_El_Alto.html
397,Talpa,/Restaurants-g3160445-Talpa.html
398,El Grullo,/Restaurants-g3160398-El_Grullo.html
399,Ixtlán,/Restaurants-g3176920-Ixtlan_Southern_Mexico.html
400,Acolman,/Restaurants-g7897476-Acolman_Central_Mexico_and_Gulf_Coast.html
401,ío Bravo,/Restaurants-g778775-Rio_Bravo_Northern_Mexico.html
402,Tonatico,/Restaurants-g3179024-Tonatico_Central_Mexico_and_Gulf_Coast.html
403,Aquismón,/Restaurants-g3181059-Aquismon_Central_Mexico_and_Gulf_Coast.html
404,Tlacolula,/Restaurants-g3176965-Tlacolula_Southern_Mexico.html
405,San Ignacio,/Restaurants-g152205-San_Ignacio_Baja_California.html
406,Puerto Arista,/Restaurants-g1393502-Puerto_Arista_Southern_Mexico.html
407,San Luis de la Paz,/Restaurants-g3179425-San_Luis_de_la_Paz_Central_Mexico_and_Gulf_Coast.html
408,Ocotlán de Morelos,/Restaurants-g12518175-Ocotlan_de_Morelos_Southern_Mexico.html
409,Apan,/Restaurants-g3179456-Apan_Central_Mexico_and_Gulf_Coast.html
410,Mixquiahuala,/Restaurants-g3179467-Mixquiahuala_Central_Mexico_and_Gulf_Coast.html
411,Chemuyil,/Restaurants-g4893791-Chemuyil_Yucatan_Peninsula.html
412,Tecamachalco,/Restaurants-g6818887-Tecamachalco_Central_Mexico_and_Gulf_Coast.html
413,Ciudad Mante,/Restaurants-g3194037-Ciudad_Mante_Northern_Mexico.html
414,Arteaga,/Restaurants-g3194107-Arteaga_Northern_Mexico.html
415,Linares,/Restaurants-g3194238-Linares_Northern_Mexico.html
416,Jalcomulco,/Restaurants-g1744249-Jalcomulco_Central_Mexico_and_Gulf_Coast.html
417,Santiago de Querétaro,/Restaurants-g23815937-Santiago_de_Queretaro_Central_Mexico_and_Gulf_Coast.html
418,Punta Allen,/Restaurants-g667233-Punta_Allen_Yucatan_Peninsula.html
419,Municipio de Cuautitlán,/Restaurants-g14968353-Cuautitlan_Municipality_Central_Mexico_and_Gulf_Coast.html
420,Municipio de San Mateo Atenco,/Restaurants-g14968375-San_Mateo_Atenco_Municipality_Central_Mexico_and_Gulf_Coast.html
421,Cadereyta Jiménez,/Restaurants-g499431-Cadereyta_Jimenez_Northern_Mexico.html
422,Bahía de Kino,/Restaurants-g499430-Bahia_Kino_Northern_Mexico.html
423,Compostela,/Restaurants-g1767159-Compostela_Pacific_Coast.html
424,Xcalak,/Restaurants-g499454-Xcalak_Costa_Maya_Yucatan_Peninsula.html
425,Tacámbaro,/Restaurants-g3151743-Tacambaro_Central_Mexico_and_Gulf_Coast.html
426,Tehuantepec,/Restaurants-g1026026-Tehuantepec_Southern_Mexico.html
427,Alpuyeca,/Restaurants-g673820-Alpuyeca_Central_Mexico_and_Gulf_Coast.html
428,Municipio de Huautla de Jiménez,/Restaurants-g14971080-Huautla_de_Jimenez_Municipality_Southern_Mexico.html
429,Cuitzeo,/Restaurants-g3160079-Cuitzeo_Central_Mexico_and_Gulf_Coast.html
430,Zacapoaxtla,/Restaurants-g3180648-Zacapoaxtla_Central_Mexico_and_Gulf_Coast.html
431,Municipio de Tlaxcala,/Restaurants-g14977178-Tlaxcala_Municipality_Central_Mexico_and_Gulf_Coast.html
432,Zirahuén,/Restaurants-g1747150-Zirahuen_Central_Mexico_and_Gulf_Coast.html
433,Municipio de Benito Juárez,/Restaurants-g14977043-Benito_Juarez_Municipality_Yucatan_Peninsula.html
434,Municipio de Culiacán,/Restaurants-g14977049-Culiacan_Municipality_Pacific_Coast.html
435,Perote,/Restaurants-g3176880-Perote_Central_Mexico_and_Gulf_Coast.html
436,Puerto Ángel,/Restaurants-g153984-Puerto_Angel_Southern_Mexico.html
437,La Rumorosa,/Restaurants-g8450409-La_Rumorosa_Baja_California.html
438,Chiautempan,/Restaurants-g3181076-Chiautempan_Central_Mexico_and_Gulf_Coast.html
439,Ocozocoautla de Espinosa,/Restaurants-g4876922-Ocozocoautla_de_Espinosa_Southern_Mexico.html
440,Las Varas,/Restaurants-g6279714-Las_Varas_Pacific_Coast.html
441,Ciudad Camargo,/Restaurants-g3181223-Ciudad_Camargo_Northern_Mexico.html
442,Asunción Nochixtlán,/Restaurants-g5599971-Asuncion_Nochixtlan_Southern_Mexico.html
443,Tihuatlán,/Restaurants-g3175054-Tihuatlan_Central_Mexico_and_Gulf_Coast.html
444,Jesus Maria,/Restaurants-g4162177-Jesus_Maria_Central_Mexico_and_Gulf_Coast.html
445,Jalostotitlán,/Restaurants-g14983685-Jalostotitlan.html
446,José María Morelos,/Restaurants-g13313013-Jose_Maria_Morelos_Yucatan_Peninsula.html
447,Teopisca,/Restaurants-g10351427-Teopisca_Southern_Mexico.html
448,Santiago Pinotepa Nacional,/Restaurants-g4873270-Pinotepa_Nacional_Southern_Mexico.html
449,Medellín de Bravo,/Restaurants-g3722442-Medellin_de_Bravo_Central_Mexico_and_Gulf_Coast.html
450,Lerdo,/Restaurants-g1137946-Lerdo_Northern_Mexico.html
451,Ixtepec,/Restaurants-g7908946-Ixtepec_Southern_Mexico.html
452,Pedro Escobedo,/Restaurants-g777803-Pedro_Escobedo_Central_Mexico_and_Gulf_Coast.html
453,Jiquilpan de Juárez,/Restaurants-g1801867-Jiquilpan_de_Juarez_Central_Mexico_and_Gulf_Coast.html
454,Izúcar de Matamoros,/Restaurants-g3180207-Izucar_de_Matamoros_Central_Mexico_and_Gulf_Coast.html
455,Sabinas,/Restaurants-g2047700-Sabinas_Northern_Mexico.html
456,Xpu-Ha,/Restaurants-g499455-Xpu_Ha_Yucatan_Peninsula.html
457,Quiroga,/Restaurants-g3151802-Quiroga_Central_Mexico_and_Gulf_Coast.html
458,Apatzingán,/Restaurants-g3160037-Apatzingan_Central_Mexico_and_Gulf_Coast.html
459,Paracho,/Restaurants-g3151855-Paracho_Central_Mexico_and_Gulf_Coast.html
460,Xicotepec,/Restaurants-g3180645-Xicotepec_Central_Mexico_and_Gulf_Coast.html
461,Emiliano Zapata,/Restaurants-g6840323-Emiliano_Zapata.html
462,Homún,/Restaurants-g8747014-Homun_Yucatan_Peninsula.html
463,Cócorit,/Restaurants-g7758075-Cocorit_Northern_Mexico.html
464,El Triunfo,/Restaurants-g3180690-El_Triunfo_Baja_California.html
465,Santa Elena,/Restaurants-g1575106-Santa_Elena_Yucatan_Peninsula.html
466,Playa Ventura,/Restaurants-g1761568-Playa_Ventura_Pacific_Coast.html
467,Encarnación de Díaz,/Restaurants-g3160400-Encarnacion_de_Diaz.html
468,Miahuatlán,/Restaurants-g2357579-Miahuatlan_Southern_Mexico.html
469,Ahualulco de Mercado,/Restaurants-g3160386-Ahualulco_de_Mercado.html
470,Tlaxcalancingo,/Restaurants-g12517656-Tlaxcalancingo_Central_Mexico_and_Gulf_Coast.html
471,Tultepec,/Restaurants-g15237456-Tultepec_Central_Mexico_and_Gulf_Coast.html
472,Calakmul,/Restaurants-g1632724-Calakmul_Yucatan_Peninsula.html
473,Polotitlán,/Restaurants-g3179006-Polotitlan_Central_Mexico_and_Gulf_Coast.html
474,Santa Clara del Cobre,/Restaurants-g2642425-Santa_Clara_del_Cobre_Central_Mexico_and_Gulf_Coast.html
475,San José de Gracia,/Restaurants-g2034175-San_Jose_de_Gracia_Central_Mexico_and_Gulf_Coast.html
476,Zumpango,/Restaurants-g3176918-Zumpango_Central_Mexico_and_Gulf_Coast.html
477,Tlalixtac de Cabrera,/Restaurants-g1026568-Tlalixtac_de_Cabrera_Southern_Mexico.html
478,Cuauhtémoc,/Restaurants-g7023200-Cuauhtemoc_Pacific_Coast.html
479,Zimatlán,/Restaurants-g3176968-Zimatlan_Southern_Mexico.html
480,Ixtlahuacán de los Membrillos,/Restaurants-g6996492-Ixtlahuacan_de_los_Membrillos.html
481,Amatitán,/Restaurants-g2372173-Amatitan.html
482,Jiménez,/Restaurants-g3181240-Jimenez_Northern_Mexico.html
483,Teuchitlán,/Restaurants-g1602186-Teuchitlan.html
484,Valle de Banderas,/Restaurants-g12917331-Valle_de_Banderas_Pacific_Coast.html
485,Frontera,/Restaurants-g3181186-Frontera_Central_Mexico_and_Gulf_Coast.html
486,El Palomar,/Restaurants-g12519943-El_Palomar_Guadalajara_Metropolitan_Area.html
487,Tapijulapa,/Restaurants-g3181192-Tapijulapa_Central_Mexico_and_Gulf_Coast.html
488,Tenosique,/Restaurants-g3181195-Tenosique_Central_Mexico_and_Gulf_Coast.html
489,Villa Ahumada,/Restaurants-g3181250-Villa_Ahumada_Northern_Mexico.html
490,Tlacotalpan,/Restaurants-g635713-Tlacotalpan_Central_Mexico_and_Gulf_Coast.html
491,Pie de la Cuesta,/Restaurants-g664428-Pie_de_la_Cuesta_Pacific_Coast.html
492,Uriangato,/Restaurants-g3179428-Uriangato_Central_Mexico_and_Gulf_Coast.html
493,Yuriria,/Restaurants-g3179434-Yuriria_Central_Mexico_and_Gulf_Coast.html
494,San Felipe,/Restaurants-g3179422-San_Felipe_Central_Mexico_and_Gulf_Coast.html
495,Coscomatepec,/Restaurants-g3191761-Coscomatepec_Central_Mexico_and_Gulf_Coast.html
496,Cardel,/Restaurants-g3191757-Cardel_Central_Mexico_and_Gulf_Coast.html
497,San Agustín Etla,/Restaurants-g3210346-San_Agustin_Etla_Southern_Mexico.html
498,Careyes,/Restaurants-g150788-Careyes_Costalegre.html
499,Tamazunchale,/Restaurants-g1961263-Tamazunchale_Central_Mexico_and_Gulf_Coast.html
500,Múzquiz,/Restaurants-g3194114-Muzquiz_Northern_Mexico.html
501,San Joaquín,/Restaurants-g7060793-San_Joaquin_Central_Mexico_and_Gulf_Coast.html
502,Sabinas Hidalgo,/Restaurants-g3194243-Sabinas_Hidalgo_Northern_Mexico.html
503,Municipio de Los Reyes,/Restaurants-g14976686-Los_Reyes_Municipality_Central_Mexico_and_Gulf_Coast.html
504,Municipio de Jacona,/Restaurants-g14976640-Jacona_Municipality_Central_Mexico_and_Gulf_Coast.html
505,Tlaltizapán,/Restaurants-g3180104-Tlaltizapan_Central_Mexico_and_Gulf_Coast.html
506,Puerto San Carlos,/Restaurants-g657272-Puerto_San_Carlos_Baja_California.html
507,El Quelite,/Restaurants-g2654177-El_Quelite_Pacific_Coast.html
508,Zaachila,/Restaurants-g1026025-Zaachila_Southern_Mexico.html
509,Panindícuaro,/Restaurants-g15096052-Panindicuaro_Central_Mexico_and_Gulf_Coast.html
510,Nueva Italia,/Restaurants-g3151897-Nueva_Italia_Central_Mexico_and_Gulf_Coast.html
511,San Antonio Las Alazanas,/Restaurants-g2214015-San_Antonio_Las_Alazanas_Northern_Mexico.html
512,Casitas,/Restaurants-g7811303-Casitas_Central_Mexico_and_Gulf_Coast.html
513,Purísima del Rincón,/Restaurants-g3592334-Purisima_del_Rincon_Central_Mexico_and_Gulf_Coast.html
514,Berriozábal,/Restaurants-g14977489-Berriozabal_Southern_Mexico.html
515,Álvaro Obregón,/Restaurants-g12517883-Alvaro_Obregon_Central_Mexico_and_Gulf_Coast.html
516,San Julián,/Restaurants-g3160441-San_Julian.html
517,Petatlán,/Restaurants-g1022301-Petatlan_Pacific_Coast.html
518,Punta Pérula,/Restaurants-g3160406-Perula.html
519,Municipio de Tlaxco,/Restaurants-g14971295-Tlaxco_Municipality_Central_Mexico_and_Gulf_Coast.html
520,Isla de la Piedra,/Restaurants-g153985-Isla_de_la_Piedra_Pacific_Coast.html
521,incón de Romos,/Restaurants-g3178941-Rincon_de_Romos_Central_Mexico_and_Gulf_Coast.html
522,Santiago Matatlán,/Restaurants-g17379477-Santiago_Matatlan_Southern_Mexico.html
523,Etla,/Restaurants-g3176915-Etla_Southern_Mexico.html
524,Valle Hermoso,/Restaurants-g659936-Valle_Hermoso_Northern_Mexico.html
525,Jamay,/Restaurants-g11807422-Jamay.html
526,Maní,/Restaurants-g1632777-Mani_Yucatan_Peninsula.html
527,Navolato,/Restaurants-g3582489-Navolato_Pacific_Coast.html
528,Guachochi,/Restaurants-g3181238-Guachochi_Northern_Mexico.html
529,Otumba,/Restaurants-g3738260-Otumba_Central_Mexico_and_Gulf_Coast.html
530,Emiliano Zapata,/Restaurants-g3181184-Emiliano_Zapata_Central_Mexico_and_Gulf_Coast.html
531,San José del Valle,/Restaurants-g13187700-San_Jose_del_Valle_Pacific_Coast.html
532,Santa Fe de la Laguna,/Restaurants-g4604606-Santa_Fe_de_la_Laguna_Central_Mexico_and_Gulf_Coast.html
533,Municipio Bahía de Banderas,/Restaurants-g14967777-El_Marques_Municipality_Central_Mexico_and_Gulf_Coast.html
534,San Bartolo,/Restaurants-g1602412-San_Bartolo_Southern_Mexico.html
535,Tixkokob,/Restaurants-g1743754-Tixkokob_Yucatan_Peninsula.html
536,Naolinco,/Restaurants-g3191786-Naolinco_Central_Mexico_and_Gulf_Coast.html
537,La Noria,/Restaurants-g4006966-La_Noria_Pacific_Coast.html
538,Coyuca de Benítez,/Restaurants-g6351956-Coyuca_de_Benitez_Pacific_Coast.html
539,Villa Unión,/Restaurants-g3150855-Villa_Union_Pacific_Coast.html
540,Municipio de Tecámac,/Restaurants-g14972064-Tecamac_Municipality_Central_Mexico_and_Gulf_Coast.html
541,Municipio de Otzolotepec,/Restaurants-g14972061-Otzolotepec_Municipality_Central_Mexico_and_Gulf_Coast.html
542,Pánuco,/Restaurants-g3194009-Panuco_Central_Mexico_and_Gulf_Coast.html
543,"ío Blanco, Veracruz",/Restaurants-g3194012-Rio_Blanco_Central_Mexico_and_Gulf_Coast.html
544,Colonia Juárez,/Restaurants-g1137954-Colonia_Juarez_Northern_Mexico.html
545,Unión Juárez,/Restaurants-g3181833-Union_Juarez_Southern_Mexico.html
546,Ixtlán del Río,/Restaurants-g3151355-Ixtlan_del_Rio_Pacific_Coast.html
547,Barra de la Cruz,/Restaurants-g2205137-Barra_de_la_Cruz_Southern_Mexico.html
548,Zacapú,/Restaurants-g3151471-Zacapu_Central_Mexico_and_Gulf_Coast.html
549,Calkiní,/Restaurants-g679549-Calkini_Yucatan_Peninsula.html
550,San Salvador El Seco,/Restaurants-g3180219-San_Salvador_El_Seco_Central_Mexico_and_Gulf_Coast.html
551,Sombrerete,/Restaurants-g499423-Sombrerete_Central_Mexico_and_Gulf_Coast.html
552,Municipio de San Andrés Cholula,/Restaurants-g14976999-San_Andres_Cholula_Municipality_Central_Mexico_and_Gulf_Coast.html
553,Nopaltepec,/Restaurants-g13115329-Nopaltepec_Central_Mexico_and_Gulf_Coast.html
554,Altata,/Restaurants-g13115318-Altata_Pacific_Coast.html
555,San Vicente,/Restaurants-g11810590-San_Vicente_Pacific_Coast.html
556,Actopan,/Restaurants-g8408896-Actopan_Central_Mexico_and_Gulf_Coast.html
557,Municipio de Yecapixtla,/Restaurants-g14976812-Yecapixtla_Municipality_Central_Mexico_and_Gulf_Coast.html
558,Huay-Pix,/Restaurants-g6522783-Huay_Pix_Yucatan_Peninsula.html
559,Nacozari de García,/Restaurants-g2617388-Nacozari_de_Garcia_Northern_Mexico.html
560,Almoloya de Juárez,/Restaurants-g8341612-Almoloya_de_Juarez_Central_Mexico_and_Gulf_Coast.html
561,Yecapixtla,/Restaurants-g12517529-Yecapixtla_Central_Mexico_and_Gulf_Coast.html
562,Naco,/Restaurants-g13205649-Naco_Northern_Mexico.html
563,Comonfort,/Restaurants-g12517599-Comonfort_Central_Mexico_and_Gulf_Coast.html
564,Catazajá,/Restaurants-g12994734-Catazaja_Southern_Mexico.html
565,Santiago Juxtlahuaca,/Restaurants-g8655095-Santiago_Juxtlahuaca_Southern_Mexico.html
566,Cunduacán,/Restaurants-g11804707-Cunduacan_Central_Mexico_and_Gulf_Coast.html
567,Kaua,/Restaurants-g11810844-Kaua_Yucatan_Peninsula.html
568,Municipio de Centro,/Restaurants-g14977117-Centro_Municipality_Central_Mexico_and_Gulf_Coast.html
569,Jaluco,/Restaurants-g11810825-Jaluco.html
570,Banderilla,/Restaurants-g4581509-Banderilla_Central_Mexico_and_Gulf_Coast.html
571,Cotija de la Paz,/Restaurants-g12916737-Cotija_de_la_Paz_Central_Mexico_and_Gulf_Coast.html
572,Pinal de Amoles,/Restaurants-g7198875-Pinal_de_Amoles_Central_Mexico_and_Gulf_Coast.html
573,La Tijera,/Restaurants-g12917211-La_Tijera_Guadalajara_Metropolitan_Area.html
574,Ixtlán,/Restaurants-g1728851-Ixtlan_Central_Mexico_and_Gulf_Coast.html
575,Cuzamá,/Restaurants-g2042191-Cuzama_Yucatan_Peninsula.html
576,Los Ayala,/Restaurants-g1511807-Los_Ayala_Pacific_Coast.html
577,Santa María del Río,/Restaurants-g2539855-Santa_Maria_del_Rio_Central_Mexico_and_Gulf_Coast.html
578,forma,/Restaurants-g12519892-Reforma_Southern_Mexico.html
579,El Cardonal,/Restaurants-g3369281-El_Cardonal_Baja_California.html
580,Municipio de Nacajuca,/Restaurants-g14971291-Nacajuca_Municipality_Central_Mexico_and_Gulf_Coast.html
581,Santiago Tuxtla,/Restaurants-g1878459-Santiago_Tuxtla_Central_Mexico_and_Gulf_Coast.html
582,Acanceh,/Restaurants-g1632729-Acanceh_Yucatan_Peninsula.html
583,Antón Lizardo,/Restaurants-g3226104-Anton_Lizardo_Central_Mexico_and_Gulf_Coast.html
584,Municipio de Veracruz,/Restaurants-g14977329-Veracruz_Municipality_Central_Mexico_and_Gulf_Coast.html
585,La Marquesa,/Restaurants-g3178988-La_Marquesa_Central_Mexico_and_Gulf_Coast.html
586,Seybaplaya,/Restaurants-g1202675-Seybaplaya_Yucatan_Peninsula.html
587,Capulálpam de Méndez,/Restaurants-g3176910-Capulalpam_de_Mendez_Southern_Mexico.html
588,Tikuch,/Restaurants-g18928431-Tikuch_Yucatan_Peninsula.html
589,Loreto,/Restaurants-g3181081-Loreto_Central_Mexico_and_Gulf_Coast.html
590,Chilapa,/Restaurants-g3176987-Chilapa_Pacific_Coast.html
591,La Joya,/Restaurants-g12790520-La_Joya_Central_Mexico_and_Gulf_Coast.html
592,El Arenal,/Restaurants-g12519993-El_Arenal.html
593,Santa Rosa de Jáuregui,/Restaurants-g15221364-Santa_Rosa_de_Jauregui_Central_Mexico_and_Gulf_Coast.html
594,Chiquilá,/Restaurants-g11807245-Chiquila_Yucatan_Peninsula.html
595,Teapa,/Restaurants-g3181193-Teapa_Central_Mexico_and_Gulf_Coast.html
596,Tonila,/Restaurants-g11807359-Tonila.html
597,San José del Pacífico,/Restaurants-g7910229-San_Jose_del_Pacifico_Southern_Mexico.html
598,San Felipe,/Restaurants-g1868591-San_Felipe_Yucatan_Peninsula.html
599,Santiago,/Restaurants-g2308981-Santiago_Baja_California.html
600,Macario Gómez,/Restaurants-g5602096-Macario_Gomez_Yucatan_Peninsula.html
601,San Sebastián Río Hondo,/Restaurants-g7744282-San_Sebastian_Rio_Hondo_Southern_Mexico.html
602,Ixtlahuaca de Rayón,/Restaurants-g2040687-Ixtlahuaca_de_Rayon_Central_Mexico_and_Gulf_Coast.html
603,Zimapán,/Restaurants-g3179519-Zimapan_Central_Mexico_and_Gulf_Coast.html
604,Atoyac,/Restaurants-g3191753-Atoyac_Central_Mexico_and_Gulf_Coast.html
605,Barra de Cazones,/Restaurants-g3191754-Barra_de_Cazones_Central_Mexico_and_Gulf_Coast.html
606,Escuinapa,/Restaurants-g3150891-Escuinapa_Pacific_Coast.html
607,Coatzintla,/Restaurants-g15357146-Coatzintla_Central_Mexico_and_Gulf_Coast.html
608,San Miguel Regla,/Restaurants-g2360340-San_Miguel_Regla_Central_Mexico_and_Gulf_Coast.html
609,San Felipe del Agua,/Restaurants-g635967-San_Felipe_del_Agua_Southern_Mexico.html
610,Municipio de Teotihuacán,/Restaurants-g14972066-Teotihuacan_Municipality_Central_Mexico_and_Gulf_Coast.html
611,Municipio de Ixtapaluca,/Restaurants-g14972043-Ixtapaluca_Municipality_Central_Mexico_and_Gulf_Coast.html
612,Municipio de San Pedro,/Restaurants-g14967964-San_Pedro_Municipality_Northern_Mexico.html
613,Xalisco,/Restaurants-g3151010-Xalisco_Pacific_Coast.html
614,Tekom,/Restaurants-g23950836-Tekom_Yucatan_Peninsula.html
615,Allende,/Restaurants-g3194104-Allende_Northern_Mexico.html
616,Santiago Ixcuintla,/Restaurants-g3151057-Santiago_Ixcuintla_Pacific_Coast.html
617,Morelos,/Restaurants-g3194112-Morelos_Northern_Mexico.html
618,Casas Grandes,/Restaurants-g1137953-Casas_Grandes_Northern_Mexico.html
619,El Marqués,/Restaurants-g2534722-El_Marques_Pacific_Coast.html
620,Tula,/Restaurants-g1899883-Tula_Northern_Mexico.html
621,Santa Ana,/Restaurants-g3194270-Santa_Ana_Northern_Mexico.html
622,Jala,/Restaurants-g3151337-Jala_Pacific_Coast.html
623,Temoaya,/Restaurants-g4202098-Temoaya_Central_Mexico_and_Gulf_Coast.html
624,Leona Vicario,/Restaurants-g11804301-Leona_Vicario_Yucatan_Peninsula.html
625,Ciudad Serdán,/Restaurants-g3180159-Ciudad_Serdan_Central_Mexico_and_Gulf_Coast.html
626,Venustiano Carranza,/Restaurants-g7224886-Venustiano_Carranza_Central_Mexico_and_Gulf_Coast.html
627,San Bartolo,/Restaurants-g7317006-San_Bartolo_Baja_California.html
628,Zacatepec,/Restaurants-g663157-Zacatepec_Central_Mexico_and_Gulf_Coast.html
629,Miguel Auza,/Restaurants-g14988902-Miguel_Auza_Central_Mexico_and_Gulf_Coast.html
630,Juárez,/Restaurants-g11810347-Juarez_Northern_Mexico.html
631,San Agustín Tlaxiaca,/Restaurants-g7786192-San_Agustin_Tlaxiaca_Central_Mexico_and_Gulf_Coast.html
632,Tekax,/Restaurants-g2705047-Tekax_Yucatan_Peninsula.html
633,Atlihuetzía,/Restaurants-g499406-Atlihuetzia_Central_Mexico_and_Gulf_Coast.html
634,La Venta del Astillero,/Restaurants-g15420967-La_Venta_del_Astillero.html
635,Santiago Tianguistenco,/Restaurants-g499422-Santiago_Tianguistenco_Central_Mexico_and_Gulf_Coast.html
636,Municipio de Xonacatlán,/Restaurants-g14968382-Xonacatlan_Municipality_Central_Mexico_and_Gulf_Coast.html
637,Santa María Huatulco,/Restaurants-g13528595-Santa_Maria_Huatulco_Southern_Mexico.html
638,Municipio de Libres,/Restaurants-g14976987-Libres_Municipality_Central_Mexico_and_Gulf_Coast.html
639,Adolfo López Mateos,/Restaurants-g1605440-Adolfo_Lopez_Mateos_Yucatan_Peninsula.html
640,Concepción del Oro,/Restaurants-g1898345-Conception_del_Oro_Central_Mexico_and_Gulf_Coast.html
641,Zempoala,/Restaurants-g11810760-Zempoala_Central_Mexico_and_Gulf_Coast.html
642,Umán,/Restaurants-g11810594-Uman_Yucatan_Peninsula.html
643,Tlapacoyan,/Restaurants-g1531825-Tlapacoyan_Central_Mexico_and_Gulf_Coast.html
644,Coalcomán,/Restaurants-g3160062-Coalcoman_Central_Mexico_and_Gulf_Coast.html
645,Cuilápam de Guerrero,/Restaurants-g20214067-Cuilapan_de_Guerrero_Southern_Mexico.html
646,Municipio de San Francisco Telixtlahuaca,/Restaurants-g14971118-San_Francisco_Telixtlahuaca_Municipality_Southern_Mexico.html
647,Municipio de San Jacinto Amilpas,/Restaurants-g14971132-San_Jacinto_Amilpas_Municipality_Southern_Mexico.html
648,Capula,/Restaurants-g5001327-Capula_Central_Mexico_and_Gulf_Coast.html
649,La Manzanilla de la Paz,/Restaurants-g7125086-La_Manzanilla_de_la_Paz.html
650,San Miguel Tecpan,/Restaurants-g15327450-San_Miguel_Tecpan_Central_Mexico_and_Gulf_Coast.html
651,Copándaro,/Restaurants-g3160074-Copandaro_Central_Mexico_and_Gulf_Coast.html
652,Erongarícuaro,/Restaurants-g7741477-Erongaricuaro_Central_Mexico_and_Gulf_Coast.html
653,Xel-Há,/Restaurants-g20935002-Xelha_Yucatan_Peninsula.html
654,Mezcala,/Restaurants-g13205665-Mezcala.html
655,Zongolica,/Restaurants-g12482767-Zongolica_Central_Mexico_and_Gulf_Coast.html
656,San Francisco Lachigoló,/Restaurants-g12187655-San_Francisco_Lachigolo_Southern_Mexico.html
657,Municipio de Cajeme,/Restaurants-g14977074-Cajeme_Municipality_Northern_Mexico.html
658,La Mancha,/Restaurants-g2005276-La_Mancha_Central_Mexico_and_Gulf_Coast.html
659,Mochitlán,/Restaurants-g16490993-Mochitlan_Pacific_Coast.html
660,Armadillo de los Infante,/Restaurants-g12517805-Armadillo_de_los_Infantes_Central_Mexico_and_Gulf_Coast.html
661,Chignautla,/Restaurants-g19329072-Chignautla_Central_Mexico_and_Gulf_Coast.html
662,Cuetzalan,/Restaurants-g8714659-Cuetzalan_Central_Mexico_and_Gulf_Coast.html
663,Santa Catarina Juquila,/Restaurants-g2056541-Santa_Catarina_Juquila_Southern_Mexico.html
664,Tamazula,/Restaurants-g3160447-Tamazula.html
665,Atemajac de Brizuela,/Restaurants-g15327625-Atemajac_de_Brizuela.html
666,San Francisco de los Romos,/Restaurants-g4266273-San_Francisco_de_los_Romos_Central_Mexico_and_Gulf_Coast.html
667,La Barca,/Restaurants-g3160403-La_Barca.html
668,Hecelchakán,/Restaurants-g12517850-Hecelchakan_Yucatan_Peninsula.html
669,Meteorológico,/Restaurants-g23920640-Meteorologico_Isla_Mujeres_Yucatan_Peninsula.html
670,Municipio de San Salvador Huixcolotla,/Restaurants-g14971274-San_Salvador_Huixcolotla_Municipality_Central_Mexico_and_Gulf_Coast.html
671,Santa María Colotepec,/Restaurants-g13328827-Santa_Maria_Colotepec_Southern_Mexico.html
672,Ayotlán,/Restaurants-g3160388-Ayotlan.html
673,Municipio de Soledad de Graciano Sánchez,/Restaurants-g14971281-Soledad_de_Graciano_Sanchez_Municipality_Central_Mexico_and_Gulf_Coast.html
674,Concepción de Buenos Aires,/Restaurants-g3160393-Concepcion_de_Buenos_Aires.html
675,Cuastecomates,/Restaurants-g3160394-Cuastecomates.html
676,San Sebastián,/Restaurants-g780701-San_Sebastian_Central_Mexico_and_Gulf_Coast.html
677,San MartÍn Tilcajete,/Restaurants-g1800637-San_Martin_Tilcajete_Southern_Mexico.html
678,Empalme,/Restaurants-g815531-Empalme_Northern_Mexico.html
679,Valle de Juárez,/Restaurants-g3160457-Valle_de_Juarez.html
680,Degollado,/Restaurants-g9464105-Degollado.html
681,Villa Corona,/Restaurants-g3160458-Villa_Corona.html
682,Cuyutlán,/Restaurants-g3160461-Cuyutlan_Pacific_Coast.html
683,Isla Navidad,/Restaurants-g3160463-Isla_Navidad_Pacific_Coast.html
684,Yokdzonot,/Restaurants-g2550224-Yokdzonot_Yucatan_Peninsula.html
685,Apaseo El Grande,/Restaurants-g3179069-Apaseo_El_Grande_Central_Mexico_and_Gulf_Coast.html
686,Nochistlán,/Restaurants-g3181083-Nochistlan_Central_Mexico_and_Gulf_Coast.html
687,ío Grande,/Restaurants-g3181085-Rio_Grande_Central_Mexico_and_Gulf_Coast.html
688,Huimilpan,/Restaurants-g3181056-Huimilpan_Central_Mexico_and_Gulf_Coast.html
689,Tejupilco,/Restaurants-g3179009-Tejupilco_Central_Mexico_and_Gulf_Coast.html
690,Temascaltepec,/Restaurants-g3179011-Temascaltepec_Central_Mexico_and_Gulf_Coast.html
691,Cárdenas,/Restaurants-g3181061-Cardenas_Central_Mexico_and_Gulf_Coast.html
692,Cerritos,/Restaurants-g3181062-Cerritos_Central_Mexico_and_Gulf_Coast.html
693,El Naranjo,/Restaurants-g3181065-El_Naranjo_Central_Mexico_and_Gulf_Coast.html
694,Tamuín,/Restaurants-g3181070-Tamuin_Central_Mexico_and_Gulf_Coast.html
695,Palizada,/Restaurants-g3181154-Palizada_Yucatan_Peninsula.html
696,Huimanguillo,/Restaurants-g1028696-Huimanguillo_Central_Mexico_and_Gulf_Coast.html
697,Maxcanu,/Restaurants-g2689649-Maxcanu_Yucatan_Peninsula.html
698,Sonoita,/Restaurants-g1753705-Sonoyta_Northern_Mexico.html
699,Donato Guerra,/Restaurants-g15327849-Donato_Guerra_Central_Mexico_and_Gulf_Coast.html
700,Huauchinango,/Restaurants-g13152834-Hiauchinango_Central_Mexico_and_Gulf_Coast.html
701,Lomas de Cocoyoc,/Restaurants-g17677224-Lomas_de_Cocoyoc_Central_Mexico_and_Gulf_Coast.html
702,Primo Tapia,/Restaurants-g12917356-Primo_Tapia_Baja_California.html
703,Macuspana,/Restaurants-g3181189-Macuspana_Central_Mexico_and_Gulf_Coast.html
704,Salchi,/Restaurants-g3723904-Salchi_Southern_Mexico.html
705,Costa Esmeralda,/Restaurants-g7377608-Costa_Esmeralda_Central_Mexico_and_Gulf_Coast.html
706,Sacalum,/Restaurants-g19850209-Sacalum_Yucatan_Peninsula.html
707,Dzilam de Bravo,/Restaurants-g2077436-Dzilam_de_Bravo_Yucatan_Peninsula.html
708,Ojuelos de Jalisco,/Restaurants-g14983692-Ojuelos_de_Jalisco.html
709,Municipio de Nogales,/Restaurants-g14971411-Nogales_Municipality_Central_Mexico_and_Gulf_Coast.html
710,Santa Cruz de Juventino Rosas,/Restaurants-g14021589-Santa_Cruz_de_Juventino_Rosas_Central_Mexico_and_Gulf_Coast.html
711,Chichimilá,/Restaurants-g13362114-Chichimila_Yucatan_Peninsula.html
712,Santa Cruz Xoxocotlán,/Restaurants-g11807659-Santa_Cruz_Xoxocotlan_Southern_Mexico.html
713,La Garita,/Restaurants-g12710897-La_Garita.html
714,Tinum,/Restaurants-g11807683-Tinum_Yucatan_Peninsula.html
715,San Ignacio Cerro Gordo,/Restaurants-g14101318-San_Ignacio_Cerro_Gordo.html
716,San Lucas el Grande,/Restaurants-g7648202-San_Lucas_el_Grande_Central_Mexico_and_Gulf_Coast.html
717,Xoxocotla,/Restaurants-g4328321-Xoxocotla_Central_Mexico_and_Gulf_Coast.html
718,Altotonga,/Restaurants-g11807572-Altotonga_Central_Mexico_and_Gulf_Coast.html
719,Cosamaloapan,/Restaurants-g3191760-Cosamaloapan_Central_Mexico_and_Gulf_Coast.html
720,Gutiérrez Zamora,/Restaurants-g3191769-Gutierrez_Zamora_Central_Mexico_and_Gulf_Coast.html
721,Huatusco,/Restaurants-g3191771-Huatusco_Central_Mexico_and_Gulf_Coast.html
722,Laguna Verde,/Restaurants-g3191774-Laguna_Verde_Central_Mexico_and_Gulf_Coast.html
723,Platanitos,/Restaurants-g3806145-Platanitos_Pacific_Coast.html
724,Ciudad Insurgentes,/Restaurants-g1967115-Ciudad_Insurgentes_Baja_California.html
725,Angangueo,/Restaurants-g1219619-Angangueo_Central_Mexico_and_Gulf_Coast.html
726,Ecuandureo,/Restaurants-g11695347-Ecuandureo_Central_Mexico_and_Gulf_Coast.html
727,Tzintzuntzan,/Restaurants-g953412-Tzintzuntzan_Central_Mexico_and_Gulf_Coast.html
728,Litibú,/Restaurants-g23631155-Litibu_Pacific_Coast.html
729,Municipio de Chalco,/Restaurants-g14972039-Chalco_Municipality_Central_Mexico_and_Gulf_Coast.html
730,Tecuala,/Restaurants-g3151034-Tecuala_Pacific_Coast.html
731,Tantoyuca,/Restaurants-g3194022-Tantoyuca_Central_Mexico_and_Gulf_Coast.html
732,San Fernando,/Restaurants-g4074662-San_Fernando_Southern_Mexico.html
733,Municipio de Matamoros,/Restaurants-g14967935-Matamoros_Municipality_Northern_Mexico.html
734,Batopilas,/Restaurants-g1027241-Batopilas_Copper_Canyon_Northern_Mexico.html
735,Cosalá,/Restaurants-g3150987-Cosala_Pacific_Coast.html
736,Pijijiapan,/Restaurants-g3181813-Pijijiapan_Southern_Mexico.html
737,Cintalapa,/Restaurants-g3181780-Cintalapa_Southern_Mexico.html
738,Bustamante,/Restaurants-g3194172-Bustamante_Northern_Mexico.html
739,Libres,/Restaurants-g12613087-Libres_Central_Mexico_and_Gulf_Coast.html
740,Sinaloa de Leyva,/Restaurants-g12969444-Sinaloa_de_Leyva_Pacific_Coast.html
741,Santiago Papasquiaro,/Restaurants-g3194135-Santiago_Papasquiaro_Northern_Mexico.html
742,Galeana,/Restaurants-g3194234-Galeana_Northern_Mexico.html
743,Solferino,/Restaurants-g12969366-Solferino_Yucatan_Peninsula.html
744,Adolfo López Mateos,/Restaurants-g12916158-Adolfo_Lopez_Mateos_Baja_California.html
745,Municipio de Romita,/Restaurants-g14968185-Romita_Municipality_Central_Mexico_and_Gulf_Coast.html
746,Zaragoza,/Restaurants-g3194257-Zaragoza_Northern_Mexico.html
747,Ocotepec,/Restaurants-g2616705-Ocotepec_Central_Mexico_and_Gulf_Coast.html
748,Santo Tomás,/Restaurants-g12344654-Santo_Tomas_Northern_Mexico.html
749,Jalpa de Méndez,/Restaurants-g4976061-Jalpa_de_Mendez_Central_Mexico_and_Gulf_Coast.html
750,Boquillas del Carmen,/Restaurants-g10073744-Boquillas_del_Carmen_Northern_Mexico.html
751,Tehuixtla,/Restaurants-g3180091-Tehuixtla_Central_Mexico_and_Gulf_Coast.html
752,Municipio de Peribán,/Restaurants-g14976673-Periban_Municipality_Central_Mexico_and_Gulf_Coast.html
753,San Miguel del Puerto,/Restaurants-g3671659-San_Miguel_del_Puerto_Southern_Mexico.html
754,Copala,/Restaurants-g4025953-Copala_Pacific_Coast.html
755,Acatlán,/Restaurants-g3180116-Acatlan_Central_Mexico_and_Gulf_Coast.html
756,Ziracuaretiro,/Restaurants-g3151437-Ziracuaretiro_Central_Mexico_and_Gulf_Coast.html
757,Mocorito,/Restaurants-g11810360-Mocorito_Pacific_Coast.html
758,Tezontepec,/Restaurants-g4007586-Tezontepec_Central_Mexico_and_Gulf_Coast.html
759,Buenavista,/Restaurants-g499398-Buenavista_Baja_California.html
760,Municipio de Melchor Ocampo,/Restaurants-g14968374-Melchor_Ocampo_Municipality_Central_Mexico_and_Gulf_Coast.html
761,Isla Aguada,/Restaurants-g6368948-Isla_Aguada_Yucatan_Peninsula.html
762,Paamul,/Restaurants-g3135176-Paamul_Yucatan_Peninsula.html
763,Santa María Jalapa del Marqués,/Restaurants-g3931964-Santa_Maria_Jalapa_del_Marques_Southern_Mexico.html
764,Pueblo Nuevo,/Restaurants-g7886698-Pueblo_Nuevo_Northern_Mexico.html
765,Municipio de Zinacatepec,/Restaurants-g14977020-Zinacatepec_Municipality_Central_Mexico_and_Gulf_Coast.html
766,Ciudad Fernández,/Restaurants-g3649304-Ciudad_Fernandez_Central_Mexico_and_Gulf_Coast.html
767,Chocholá,/Restaurants-g11810696-Chochola_Yucatan_Peninsula.html
768,San Francisco Mazapa,/Restaurants-g15552466-San_Francisco_Mazapa_Central_Mexico_and_Gulf_Coast.html
769,Tangancícuaro,/Restaurants-g3151722-Tangancicuaro_Central_Mexico_and_Gulf_Coast.html
770,Jalpa de Cánovas,/Restaurants-g11804655-Jalpa_de_Canovas_Central_Mexico_and_Gulf_Coast.html
771,La Independencia,/Restaurants-g11804637-La_Independencia_Southern_Mexico.html
772,Palomas,/Restaurants-g2578341-Palomas_Northern_Mexico.html
773,Tlalmanalco,/Restaurants-g6000526-Tlalmanalco_Central_Mexico_and_Gulf_Coast.html
774,El Cercado,/Restaurants-g1576910-El_Cercado_Northern_Mexico.html
775,Municipio de Amozoc,/Restaurants-g14976828-Amozoc_Municipality_Central_Mexico_and_Gulf_Coast.html
776,Metztitlán,/Restaurants-g3862490-Metztitlan_Central_Mexico_and_Gulf_Coast.html
777,Jurica,/Restaurants-g7182216-Jurica_Central_Mexico_and_Gulf_Coast.html
778,La Tinaja,/Restaurants-g15326998-La_Tinaja_Central_Mexico_and_Gulf_Coast.html
779,Tuxpan,/Restaurants-g15096039-Tuxpan_Pacific_Coast.html
780,Mazatán,/Restaurants-g15327486-Mazatan_Southern_Mexico.html
781,Isla Cedros,/Restaurants-g1747007-Isla_Cedros_Baja_California.html
782,Municipio de Camerino Z. Mendoza,/Restaurants-g14977219-Camerino_Z_Mendoza_Municipality_Central_Mexico_and_Gulf_Coast.html
783,Casimiro Castillo,/Restaurants-g12517525-Casimiro_Castillo.html
784,Acatlan de Juarez,/Restaurants-g3960848-Acatlan_de_Juarez.html
785,Municipio de Loma Bonita,/Restaurants-g14971094-Loma_Bonita_Municipality_Southern_Mexico.html
786,Nuevo San Juan,/Restaurants-g3151879-Nuevo_San_Juan_Central_Mexico_and_Gulf_Coast.html
787,Popo Park,/Restaurants-g15118464-Popo_Park_Central_Mexico_and_Gulf_Coast.html
788,Comajilla,/Restaurants-g8355860-Comajilla_Central_Mexico_and_Gulf_Coast.html
789,Tuxtla Chico,/Restaurants-g15685776-Tuxtla_Chico_Southern_Mexico.html
790,Isla Blanca,/Restaurants-g3158193-Isla_Blanca_Yucatan_Peninsula.html
791,Nuevo Pital,/Restaurants-g19812780-Nuevo_Pital_Yucatan_Peninsula.html
792,Chicanná,/Restaurants-g12916814-Chicanna_Yucatan_Peninsula.html
793,Municipio de Calpulalpan,/Restaurants-g14977135-Calpulalpan_Municipality_Central_Mexico_and_Gulf_Coast.html
794,Municipio de Macuspana,/Restaurants-g14977128-Macuspana_Municipality_Central_Mexico_and_Gulf_Coast.html
795,Apazapan,/Restaurants-g4317393-Apazapan_Central_Mexico_and_Gulf_Coast.html
796,Municipio de Contla de Juan Cuamatzi,/Restaurants-g14977142-Contla_de_Juan_Cuamatzi_Municipality_Central_Mexico_and_Gulf_Coast.html
797,El Chico,/Restaurants-g17385912-El_Chico_Central_Mexico_and_Gulf_Coast.html
798,Escanelilla,/Restaurants-g12916859-Escanelilla_Central_Mexico_and_Gulf_Coast.html
799,Municipio de Benito Juárez,/Restaurants-g14977114-Benito_Juarez_Municipality_Northern_Mexico.html
800,Santos Reyes Nopala,/Restaurants-g8310977-Santos_Reyes_Nopala_Southern_Mexico.html
801,Totolac,/Restaurants-g3737850-Totolac_Central_Mexico_and_Gulf_Coast.html
802,Municipio de Elota,/Restaurants-g14977059-Elota_Municipality_Pacific_Coast.html
803,San José Chiltepec,/Restaurants-g13537286-San_Jose_Chiltepec_Southern_Mexico.html
804,Francisco I. Madero,/Restaurants-g17551809-Francisco_I_Madero_Northern_Mexico.html
805,Municipio de Guasave,/Restaurants-g14977065-Guasave_Municipality_Pacific_Coast.html
806,San Isidro,/Restaurants-g18379202-San_Isidro_Central_Mexico_and_Gulf_Coast.html
807,El Jabalí,/Restaurants-g13537297-El_Jabali_Central_Mexico_and_Gulf_Coast.html
808,Tihosuco,/Restaurants-g19468744-Tihosuco_Yucatan_Peninsula.html
809,San José Chiapa,/Restaurants-g12517823-San_Jose_Chiapa_Central_Mexico_and_Gulf_Coast.html
810,Kantunilkín,/Restaurants-g20373552-Kantunilkin_Yucatan_Peninsula.html
811,Conkal,/Restaurants-g12214717-Conkal_Yucatan_Peninsula.html
812,Frontera Comalapa,/Restaurants-g14977513-Frontera_Comalapa_Southern_Mexico.html
813,Purísima de Cubos,/Restaurants-g23701581-Purisima_de_Cubos_Central_Mexico_and_Gulf_Coast.html
814,Chunhuhub,/Restaurants-g7084381-Chunhuhub_Yucatan_Peninsula.html
815,Municipio de La Magdalena Tlaltelulco,/Restaurants-g14971303-La_Magdalena_Tlaltelulco_Municipality_Central_Mexico_and_Gulf_Coast.html
816,Armería,/Restaurants-g1728848-Armeria_Pacific_Coast.html
817,Punta Abreojos,/Restaurants-g17649728-Punta_Abreojos_Baja_California.html
818,Municipio de Cuitláhuac,/Restaurants-g14971315-Cuitlahuac_Municipality_Central_Mexico_and_Gulf_Coast.html
819,Magdalena,/Restaurants-g3160405-Magdalena.html
820,Bahía de Soliman,/Restaurants-g2578752-Soliman_Bay_Yucatan_Peninsula.html
821,La Fonda,/Restaurants-g153973-La_Fonda_Baja_California.html
822,Municipio de Tenancingo,/Restaurants-g14971294-Tenancingo_Municipality_Central_Mexico_and_Gulf_Coast.html
823,Cuquío,/Restaurants-g3160396-Cuquio.html
824,Temascalcingo,/Restaurants-g3176883-Temascalcingo_Central_Mexico_and_Gulf_Coast.html
825,Asientos,/Restaurants-g3178939-Asientos_Central_Mexico_and_Gulf_Coast.html
826,Municipio de San Matías Tlalancaleca,/Restaurants-g14971255-San_Matias_Tlalancaleca_Municipality_Central_Mexico_and_Gulf_Coast.html
827,Municipio de Unión Hidalgo,/Restaurants-g14971201-Union_Hidalgo_Municipality_Southern_Mexico.html
828,Texcatepec,/Restaurants-g21305580-Texcatepec_Central_Mexico_and_Gulf_Coast.html
829,Santa Rosa,/Restaurants-g4579823-Santa_Rosa_Central_Mexico_and_Gulf_Coast.html
830,Tenabo,/Restaurants-g12517649-Tenabo_Yucatan_Peninsula.html
831,Ek Balam Village,/Restaurants-g2093488-Ek_Balam_Village_Yucatan_Peninsula.html
832,Ahuacatlán,/Restaurants-g7092701-Ahuacatlan_Pacific_Coast.html
833,Lengüeta Arenosa,/Restaurants-g17694904-Lengueta_Arenosa_Baja_California.html
834,Tuxpan,/Restaurants-g3160454-Tuxpan.html
835,Unión de San Antonio,/Restaurants-g3160455-Union_de_San_Antonio.html
836,Municipio de Los Reyes de Juárez,/Restaurants-g14971231-Los_Reyes_de_Juarez_Municipality_Central_Mexico_and_Gulf_Coast.html
837,Santa María Tequepexpan,/Restaurants-g7739850-Santa_Maria_Tequepexpan_Guadalajara_Metropolitan_Area.html
838,El Carmen,/Restaurants-g19507350-El_Carmen_Northern_Mexico.html
839,Nicolás Romero,/Restaurants-g3178995-Nicolas_Romero_Central_Mexico_and_Gulf_Coast.html
840,Matías Romero,/Restaurants-g3176948-Matias_Romero_Southern_Mexico.html
841,Terrazas,/Restaurants-g3226108-Terrazas_Central_Mexico_and_Gulf_Coast.html
842,Cosoleacaque,/Restaurants-g12517721-Cosoleacaque_Central_Mexico_and_Gulf_Coast.html
843,Chimalhuacán,/Restaurants-g3178966-Chimalhuacan_Central_Mexico_and_Gulf_Coast.html
844,Carrizal,/Restaurants-g1421804-Carrizal_Central_Mexico_and_Gulf_Coast.html
845,Municipio de Santa Lucía del Camino,/Restaurants-g14971162-Santa_Lucia_del_Camino_Municipality_Southern_Mexico.html
846,Tepetlixpa,/Restaurants-g7897478-Tepetlixpa_Central_Mexico_and_Gulf_Coast.html
847,Chiconcuac,/Restaurants-g3178959-Chiconcuac_Central_Mexico_and_Gulf_Coast.html
848,Marquelia,/Restaurants-g3177010-Marquelia_Pacific_Coast.html
849,Municipio de Angel Albino Corzo,/Restaurants-g14971619-Angel_Albino_Corzo_Municipality_Southern_Mexico.html
850,Apaseo El Alto,/Restaurants-g3179064-Apaseo_El_Alto_Central_Mexico_and_Gulf_Coast.html
851,Talpa de Allende,/Restaurants-g20554550-Talpa_de_Allende.html
852,Peto,/Restaurants-g1632776-Peto_Yucatan_Peninsula.html
853,Villa Victoria,/Restaurants-g3179042-Villa_Victoria_Central_Mexico_and_Gulf_Coast.html
854,Cuajinicuilapa,/Restaurants-g3176996-Cuajinicuilapa_Pacific_Coast.html
855,Tecoh,/Restaurants-g1632774-Tecoh_Yucatan_Peninsula.html
856,Angostura,/Restaurants-g12518046-Angostura_Pacific_Coast.html
857,Calera Víctor Rosales,/Restaurants-g3181079-Calera_Victor_Rosales_Central_Mexico_and_Gulf_Coast.html
858,Tlaltenango,/Restaurants-g3181086-Tlaltenango_Central_Mexico_and_Gulf_Coast.html
859,Valparaíso,/Restaurants-g3181087-Valparaiso_Central_Mexico_and_Gulf_Coast.html
860,Tala,/Restaurants-g13087479-Tala.html
861,Teposcolula,/Restaurants-g3176962-Teposcolula_Southern_Mexico.html
862,Municipio de Francisco I. Madero,/Restaurants-g14971606-Francisco_I_Madero_Municipality_Northern_Mexico.html
863,Santa Ana Coatepec,/Restaurants-g23595816-Santa_Ana_Coatepec_Central_Mexico_and_Gulf_Coast.html
864,Candelaria,/Restaurants-g3181152-Candelaria_Yucatan_Peninsula.html
865,Cuilapan,/Restaurants-g3738223-Cuilapan_Southern_Mexico.html
866,San Andrés Huayápam,/Restaurants-g1487432-San_Andres_Huayapam_Southern_Mexico.html
867,Municipio de Espita,/Restaurants-g14971525-Espita_Municipality_Yucatan_Peninsula.html
868,Juluchuca,/Restaurants-g1593977-Juluchuca_Pacific_Coast.html
869,Municipio de Akil,/Restaurants-g14971521-Akil_Municipality_Yucatan_Peninsula.html
870,Guerrero,/Restaurants-g13236899-Guerrero_Northern_Mexico.html
871,Tolimán,/Restaurants-g5978679-Toliman_Central_Mexico_and_Gulf_Coast.html
872,San Juan Bautista la Raya,/Restaurants-g17697658-San_Juan_Bautista_la_Raya_Southern_Mexico.html
873,Santo Tomás Apipilhuasco,/Restaurants-g2161239-Santo_Tomas_Apipilhuasco_Central_Mexico_and_Gulf_Coast.html
874,Tenango de las Flores,/Restaurants-g11807439-Tenango_de_las_Flores_Central_Mexico_and_Gulf_Coast.html
875,Municipio de Nanchital de Lázaro Cárdenas del Río,/Restaurants-g14971489-Nanchital_de_Lazaro_Cardenas_del_Rio_Municipality_Central_Mexico_and_Gulf_Coast.html
876,Comanja de Corona,/Restaurants-g4580045-Comanja_de_Corona.html
877,Xicotepec de Juárez,/Restaurants-g19729317-Xicotepec_de_Juarez_Central_Mexico_and_Gulf_Coast.html
878,La Junta,/Restaurants-g3181241-La_Junta_Northern_Mexico.html
879,Meoqui,/Restaurants-g3181244-Meoqui_Northern_Mexico.html
880,Aldama,/Restaurants-g3181219-Aldama_Northern_Mexico.html
881,Atlangatepec,/Restaurants-g3723937-Atlangatepec_Central_Mexico_and_Gulf_Coast.html
882,Ciudad Madera,/Restaurants-g3181226-Ciudad_Madera_Northern_Mexico.html
883,El Mercillero,/Restaurants-g15338097-El_Mercillero_Central_Mexico_and_Gulf_Coast.html
884,Miacatlán,/Restaurants-g2101897-Miacatlan_Central_Mexico_and_Gulf_Coast.html
885,Ciudad del Maíz,/Restaurants-g12519956-Ciudad_del_Maiz_Central_Mexico_and_Gulf_Coast.html
886,Noc Ac,/Restaurants-g15327835-Noc_Ac_Yucatan_Peninsula.html
887,Municipio de Soledad de Doblado,/Restaurants-g14971474-Soledad_de_Doblado_Municipality_Central_Mexico_and_Gulf_Coast.html
888,Badiraguato,/Restaurants-g2646676-Badiraguato_Pacific_Coast.html
889,Matlapa,/Restaurants-g3224308-Matlapa_Central_Mexico_and_Gulf_Coast.html
890,Zumpango del Río,/Restaurants-g13201935-Zumpango_del_Rio_Pacific_Coast.html
891,Hunucmá,/Restaurants-g13201934-Hunucma_Yucatan_Peninsula.html
892,San Andrés Calpan,/Restaurants-g3336953-San_Andres_Calpan_Central_Mexico_and_Gulf_Coast.html
893,Zapotiltic,/Restaurants-g14983732-Zapotiltic.html
894,Zacoalco de Torres,/Restaurants-g14983728-Zacoalco_de_Torres.html
895,Mayto,/Restaurants-g7314101-Mayto.html
896,Alto Lucero,/Restaurants-g18742267-Alto_Lucero_Central_Mexico_and_Gulf_Coast.html
897,Pilcaya,/Restaurants-g12917302-Pilcaya_Pacific_Coast.html
898,Poncitlán,/Restaurants-g14983699-Poncitlan.html
899,Zapotlan de Juarez,/Restaurants-g11807309-Zapotlan_de_Juarez_Central_Mexico_and_Gulf_Coast.html
